-- MySQL dump 10.13  Distrib 8.0.18, for Win64 (x86_64)
--
-- Host: localhost    Database: vk
-- ------------------------------------------------------
-- Server version	8.0.18

/*!40101 SET @OLD_CHARACTER_SET_CLIENT=@@CHARACTER_SET_CLIENT */;
/*!40101 SET @OLD_CHARACTER_SET_RESULTS=@@CHARACTER_SET_RESULTS */;
/*!40101 SET @OLD_COLLATION_CONNECTION=@@COLLATION_CONNECTION */;
/*!50503 SET NAMES utf8mb4 */;
/*!40103 SET @OLD_TIME_ZONE=@@TIME_ZONE */;
/*!40103 SET TIME_ZONE='+00:00' */;
/*!40014 SET @OLD_UNIQUE_CHECKS=@@UNIQUE_CHECKS, UNIQUE_CHECKS=0 */;
/*!40014 SET @OLD_FOREIGN_KEY_CHECKS=@@FOREIGN_KEY_CHECKS, FOREIGN_KEY_CHECKS=0 */;
/*!40101 SET @OLD_SQL_MODE=@@SQL_MODE, SQL_MODE='NO_AUTO_VALUE_ON_ZERO' */;
/*!40111 SET @OLD_SQL_NOTES=@@SQL_NOTES, SQL_NOTES=0 */;

--
-- Table structure for table `communities`
--

DROP TABLE IF EXISTS `communities`;
/*!40101 SET @saved_cs_client     = @@character_set_client */;
/*!50503 SET character_set_client = utf8mb4 */;
CREATE TABLE `communities` (
  `id` int(10) unsigned NOT NULL AUTO_INCREMENT,
  `name` varchar(150) CHARACTER SET utf8 COLLATE utf8_unicode_ci NOT NULL,
  `photo_id` int(10) unsigned DEFAULT NULL,
  PRIMARY KEY (`id`),
  UNIQUE KEY `name` (`name`),
  KEY `communities_photo_id_fk` (`photo_id`),
  CONSTRAINT `communities_photo_id_fk` FOREIGN KEY (`photo_id`) REFERENCES `media` (`id`) ON DELETE SET NULL
) ENGINE=InnoDB AUTO_INCREMENT=51 DEFAULT CHARSET=utf8 COLLATE=utf8_unicode_ci;
/*!40101 SET character_set_client = @saved_cs_client */;

--
-- Dumping data for table `communities`
--

LOCK TABLES `communities` WRITE;
/*!40000 ALTER TABLE `communities` DISABLE KEYS */;
INSERT INTO `communities` VALUES (1,'ipsa',175),(2,'sit',96),(3,'atque',198),(4,'ipsam',98),(5,'eos',129),(6,'quidem',106),(7,'ut',249),(8,'eligendi',265),(9,'qui',45),(10,'dolor',11),(11,'deleniti',297),(12,'ipsum',209),(13,'quisquam',20),(14,'delectus',214),(15,'quasi',142),(16,'est',210),(17,'excepturi',114),(18,'rerum',18),(19,'architecto',129),(20,'assumenda',142);
/*!40000 ALTER TABLE `communities` ENABLE KEYS */;
UNLOCK TABLES;

--
-- Table structure for table `communities_users`
--

DROP TABLE IF EXISTS `communities_users`;
/*!40101 SET @saved_cs_client     = @@character_set_client */;
/*!50503 SET character_set_client = utf8mb4 */;
CREATE TABLE `communities_users` (
  `community_id` int(10) unsigned NOT NULL,
  `user_id` int(10) unsigned NOT NULL,
  PRIMARY KEY (`community_id`,`user_id`),
  KEY `communities_user_id_fk` (`user_id`),
  CONSTRAINT `communities_user_id_fk` FOREIGN KEY (`user_id`) REFERENCES `users` (`id`) ON DELETE CASCADE
) ENGINE=InnoDB DEFAULT CHARSET=utf8 COLLATE=utf8_unicode_ci;
/*!40101 SET character_set_client = @saved_cs_client */;

--
-- Dumping data for table `communities_users`
--

LOCK TABLES `communities_users` WRITE;
/*!40000 ALTER TABLE `communities_users` DISABLE KEYS */;
INSERT INTO `communities_users` VALUES (11,2),(6,13),(14,14),(3,17),(12,25),(12,29),(15,35),(20,35),(17,39),(18,43),(10,47),(4,55),(3,58),(13,58),(2,62),(19,63),(14,64),(2,68),(9,68),(13,73),(14,75),(5,83),(13,88),(15,90),(9,91),(10,101),(7,102),(7,107),(3,118),(16,124),(15,136),(9,149),(12,156),(16,156),(1,161),(9,167),(5,170),(10,182),(7,183),(5,185),(2,186),(15,189),(19,193),(5,194),(13,202),(20,206),(10,216),(7,223),(2,232),(3,234),(14,245),(16,248),(1,254),(14,258),(6,260),(9,270),(8,280),(3,288),(10,293),(11,295),(13,305),(3,310),(4,311),(5,311),(4,312),(8,317),(4,319),(8,322),(18,322),(6,324),(7,334),(20,344),(9,347),(8,348),(12,355),(1,363),(9,365),(16,368),(8,376),(18,379),(20,380),(10,390),(10,408),(12,410),(16,411),(3,415),(10,424),(16,441),(2,451),(14,451),(5,454),(14,465),(4,470),(12,473),(17,475),(11,477),(9,480),(14,480),(8,489),(16,491);
/*!40000 ALTER TABLE `communities_users` ENABLE KEYS */;
UNLOCK TABLES;

--
-- Table structure for table `friendship`
--

DROP TABLE IF EXISTS `friendship`;
/*!40101 SET @saved_cs_client     = @@character_set_client */;
/*!50503 SET character_set_client = utf8mb4 */;
CREATE TABLE `friendship` (
  `user_id` int(10) unsigned NOT NULL,
  `friend_id` int(10) unsigned NOT NULL,
  `status_id` int(10) unsigned DEFAULT NULL,
  `requested_at` datetime DEFAULT CURRENT_TIMESTAMP,
  `confirmed_at` datetime DEFAULT NULL,
  PRIMARY KEY (`user_id`,`friend_id`),
  KEY `friendship_friend_id_fk` (`friend_id`),
  KEY `friendship_status_id_fk` (`status_id`),
  CONSTRAINT `friendship_friend_id_fk` FOREIGN KEY (`friend_id`) REFERENCES `users` (`id`) ON DELETE CASCADE,
  CONSTRAINT `friendship_status_id_fk` FOREIGN KEY (`status_id`) REFERENCES `friendship_statuses` (`id`) ON DELETE SET NULL,
  CONSTRAINT `friendship_user_id_fk` FOREIGN KEY (`user_id`) REFERENCES `users` (`id`) ON DELETE CASCADE
) ENGINE=InnoDB DEFAULT CHARSET=utf8 COLLATE=utf8_unicode_ci;
/*!40101 SET character_set_client = @saved_cs_client */;

--
-- Dumping data for table `friendship`
--

LOCK TABLES `friendship` WRITE;
/*!40000 ALTER TABLE `friendship` DISABLE KEYS */;
INSERT INTO `friendship` VALUES (2,444,1,'1991-02-26 07:56:53','1992-06-12 04:07:49'),(12,449,2,'1979-04-06 20:48:47','2005-06-15 03:07:19'),(13,148,2,'1991-01-08 19:13:25','1970-12-24 06:41:06'),(13,150,2,'2019-10-16 20:16:32','2007-10-14 07:14:38'),(13,169,2,'1991-02-27 12:16:27','1988-04-21 03:04:07'),(13,236,2,'1989-08-25 11:09:07','1985-03-14 08:20:21'),(13,266,2,'1986-06-07 17:02:16','1989-09-04 03:53:28'),(13,268,2,'1985-10-02 22:36:08','1971-11-24 05:22:02'),(15,418,3,'1972-02-18 21:40:52','1978-12-14 01:15:22'),(18,160,1,'2017-11-04 16:12:04','1989-06-19 09:45:23'),(20,75,3,'2014-09-01 13:41:33','1981-04-22 02:48:15'),(22,13,3,'1973-11-23 10:31:00','1976-02-02 05:30:21'),(27,219,2,'2011-12-14 12:19:24','1976-09-14 06:49:01'),(38,481,3,'2008-01-18 11:13:40','1997-12-06 21:48:53'),(40,396,1,'2001-01-21 05:19:07','1985-03-31 20:37:11'),(45,205,2,'1971-01-21 09:50:26','1975-07-11 09:06:34'),(45,467,2,'1985-08-14 04:23:48','2016-04-01 00:40:43'),(51,450,2,'1999-12-19 11:49:34','2005-02-18 15:23:26'),(56,273,1,'1999-12-25 22:31:17','1974-11-05 14:56:03'),(57,13,2,'2010-06-11 08:06:27','2015-05-13 21:40:31'),(57,85,2,'1990-09-18 03:08:07','2009-03-22 13:37:57'),(58,13,1,'2001-11-24 19:15:44','2019-01-04 09:13:40'),(64,477,2,'1981-02-21 12:25:15','1982-06-29 19:32:09'),(66,281,1,'1998-06-25 03:11:45','2003-08-13 21:01:47'),(66,396,3,'2012-05-13 21:39:05','1971-05-09 00:19:22'),(67,360,2,'1993-10-21 02:58:29','2006-10-17 00:50:19'),(75,276,2,'2000-11-16 21:47:09','2005-08-29 16:30:16'),(92,356,3,'2002-06-03 19:13:43','2001-03-01 11:47:45'),(94,12,2,'2001-06-30 13:52:05','1977-06-03 08:40:13'),(95,126,1,'1979-03-12 14:12:15','1995-03-20 04:22:26'),(99,414,1,'1978-09-30 03:25:37','2013-05-29 04:03:16'),(101,98,3,'2002-09-25 03:03:39','2006-04-06 15:39:07'),(120,422,3,'2014-03-08 14:39:37','1993-05-15 00:53:43'),(122,477,1,'1992-08-23 05:35:05','1998-07-08 12:59:30'),(125,209,1,'1979-02-03 14:58:08','2014-01-27 10:18:47'),(139,451,1,'1983-09-24 17:40:51','2006-02-05 20:53:05'),(140,142,2,'1976-08-18 17:48:32','1975-12-09 13:35:12'),(141,404,2,'1971-01-25 02:20:42','2003-12-28 10:12:44'),(143,211,2,'1992-03-31 07:25:41','1977-04-28 16:05:53'),(152,434,3,'2016-05-23 16:53:26','1994-04-17 17:10:41'),(160,171,2,'2006-08-08 11:19:20','1970-03-17 22:58:39'),(169,401,2,'2006-11-07 14:30:57','1982-11-09 10:41:26'),(171,227,1,'2014-10-15 15:21:11','1973-07-02 06:54:24'),(174,8,3,'2013-03-28 23:12:45','1983-02-03 01:38:31'),(183,465,1,'2019-11-06 21:33:42','1973-11-30 07:40:19'),(193,34,2,'2015-10-09 05:18:42','1982-03-25 00:04:54'),(195,436,3,'2005-01-30 00:13:23','1985-03-27 13:02:48'),(198,168,3,'2017-04-12 04:32:46','2013-10-14 09:55:05'),(203,112,1,'2013-11-18 22:22:22','2006-02-17 22:52:47'),(205,197,1,'1992-01-25 22:50:31','2005-12-02 16:56:33'),(207,192,2,'1981-07-05 16:46:23','2011-02-15 10:11:06'),(212,210,3,'1982-02-11 02:59:41','1986-09-29 15:14:30'),(235,212,1,'2002-07-30 04:02:26','1978-01-25 16:21:06'),(243,237,2,'2015-04-12 19:29:30','1996-08-20 17:14:57'),(245,222,3,'2008-02-09 13:34:28','2010-01-28 23:22:35'),(247,13,3,'1986-11-25 02:55:32','2004-05-28 20:04:13'),(248,404,3,'2002-11-18 18:30:27','2002-01-15 04:35:04'),(253,287,3,'1982-06-09 14:26:11','2018-08-27 07:33:32'),(256,22,2,'2013-04-08 17:50:15','1972-03-27 09:53:43'),(257,15,1,'1975-01-21 00:30:32','1978-01-11 07:31:25'),(265,243,1,'2015-03-02 08:20:46','1985-10-14 23:47:34'),(271,112,2,'1985-07-16 14:41:27','1999-10-11 15:45:19'),(271,452,2,'2014-12-19 13:57:18','1977-07-13 13:14:23'),(272,172,3,'1997-02-02 18:54:32','2009-02-22 10:50:31'),(273,156,2,'2000-07-28 03:47:18','1979-06-22 01:16:15'),(275,478,2,'1982-12-01 12:09:57','1986-01-16 20:52:33'),(278,352,1,'2018-10-23 01:01:44','2019-04-30 03:39:00'),(289,2,1,'2009-12-02 15:09:54','1975-06-03 04:51:18'),(291,28,1,'1993-09-29 14:13:54','1971-06-27 22:43:09'),(298,442,2,'1985-06-27 04:40:50','2001-11-12 21:17:25'),(304,475,2,'2003-07-23 23:10:06','2013-12-29 22:11:03'),(315,349,3,'2015-02-18 02:12:34','2009-05-10 17:44:41'),(317,259,3,'2004-03-17 16:57:47','2019-10-06 09:29:23'),(332,305,2,'1985-03-21 10:46:39','1973-01-22 18:22:41'),(334,320,1,'2003-01-28 15:18:58','1994-09-27 19:37:24'),(338,115,1,'2009-04-16 04:54:48','2017-11-05 11:35:18'),(342,434,3,'2005-03-11 20:05:36','1980-10-27 09:11:57'),(344,154,1,'1992-07-21 05:39:16','1973-10-07 11:32:25'),(345,346,2,'1983-10-05 20:39:36','1974-12-24 13:09:28'),(355,138,3,'2010-07-22 07:08:34','2019-11-30 10:26:12'),(359,108,3,'1972-02-09 10:43:17','1979-04-06 08:00:28'),(368,249,3,'1971-09-16 06:00:52','1997-11-13 21:27:15'),(373,352,3,'2007-06-01 06:53:19','1993-06-18 05:12:56'),(374,205,2,'1981-03-20 13:01:53','2002-08-19 08:23:07'),(391,276,2,'1979-05-31 21:36:07','1978-10-03 04:01:54'),(393,349,3,'1994-01-26 12:36:15','1985-01-03 19:15:38'),(402,396,1,'2002-06-13 10:26:23','2013-01-16 23:13:50'),(407,377,3,'2007-07-08 04:37:57','2012-10-22 04:31:46'),(414,227,3,'1993-01-28 17:08:09','1998-01-05 17:05:51'),(416,13,2,'2016-12-25 14:53:10','1994-11-27 09:56:36'),(419,367,2,'1997-03-03 04:28:41','2003-07-01 16:18:37'),(424,66,2,'1984-11-19 07:02:03','2012-01-25 01:42:30'),(445,369,2,'1978-12-29 05:24:59','1978-11-14 02:05:14'),(452,423,2,'1990-02-02 21:48:33','1975-11-10 20:31:00'),(453,53,2,'2001-08-20 09:39:25','2012-12-28 02:56:25'),(459,326,1,'1976-01-20 06:02:29','2002-08-29 13:37:35'),(461,381,3,'1994-11-30 10:03:55','2004-12-23 12:10:45'),(464,492,2,'1975-01-22 07:05:34','1997-04-25 06:25:41'),(489,101,3,'1975-04-03 14:24:02','2014-07-01 18:00:00'),(497,281,2,'2018-06-19 02:14:29','1982-12-09 04:14:56');
/*!40000 ALTER TABLE `friendship` ENABLE KEYS */;
UNLOCK TABLES;

--
-- Table structure for table `friendship_statuses`
--

DROP TABLE IF EXISTS `friendship_statuses`;
/*!40101 SET @saved_cs_client     = @@character_set_client */;
/*!50503 SET character_set_client = utf8mb4 */;
CREATE TABLE `friendship_statuses` (
  `id` int(10) unsigned NOT NULL AUTO_INCREMENT,
  `name` varchar(150) CHARACTER SET utf8 COLLATE utf8_unicode_ci NOT NULL,
  PRIMARY KEY (`id`),
  UNIQUE KEY `name` (`name`)
) ENGINE=InnoDB AUTO_INCREMENT=4 DEFAULT CHARSET=utf8 COLLATE=utf8_unicode_ci;
/*!40101 SET character_set_client = @saved_cs_client */;

--
-- Dumping data for table `friendship_statuses`
--

LOCK TABLES `friendship_statuses` WRITE;
/*!40000 ALTER TABLE `friendship_statuses` DISABLE KEYS */;
INSERT INTO `friendship_statuses` VALUES (2,'Confirmed'),(3,'Interrupted'),(1,'Requested');
/*!40000 ALTER TABLE `friendship_statuses` ENABLE KEYS */;
UNLOCK TABLES;

--
-- Table structure for table `likes`
--

DROP TABLE IF EXISTS `likes`;
/*!40101 SET @saved_cs_client     = @@character_set_client */;
/*!50503 SET character_set_client = utf8mb4 */;
CREATE TABLE `likes` (
  `id` int(10) unsigned NOT NULL AUTO_INCREMENT,
  `user_id` int(10) unsigned NOT NULL,
  `target_id` int(10) unsigned NOT NULL,
  `target_type_id` int(10) unsigned DEFAULT NULL,
  `created_at` datetime DEFAULT CURRENT_TIMESTAMP,
  PRIMARY KEY (`id`),
  KEY `likes_user_id_fk` (`user_id`),
  KEY `likes_target_type_id_fk` (`target_type_id`),
  CONSTRAINT `likes_target_type_id_fk` FOREIGN KEY (`target_type_id`) REFERENCES `target_types` (`id`) ON DELETE SET NULL,
  CONSTRAINT `likes_user_id_fk` FOREIGN KEY (`user_id`) REFERENCES `users` (`id`)
) ENGINE=InnoDB AUTO_INCREMENT=501 DEFAULT CHARSET=utf8mb4 COLLATE=utf8mb4_0900_ai_ci;
/*!40101 SET character_set_client = @saved_cs_client */;

--
-- Dumping data for table `likes`
--

LOCK TABLES `likes` WRITE;
/*!40000 ALTER TABLE `likes` DISABLE KEYS */;
INSERT INTO `likes` VALUES (1,162,207,1,'2020-01-18 18:52:55'),(2,125,475,1,'2020-01-18 18:52:55'),(3,79,390,2,'2020-01-18 18:52:55'),(4,389,311,4,'2020-01-18 18:52:55'),(5,4,357,3,'2020-01-18 18:52:55'),(6,291,137,3,'2020-01-18 18:52:55'),(7,152,323,2,'2020-01-18 18:52:55'),(8,312,90,1,'2020-01-18 18:52:55'),(9,299,451,3,'2020-01-18 18:52:55'),(10,442,131,3,'2020-01-18 18:52:55'),(11,246,247,4,'2020-01-18 18:52:55'),(12,241,215,3,'2020-01-18 18:52:55'),(13,111,2,2,'2020-01-18 18:52:55'),(14,368,316,4,'2020-01-18 18:52:55'),(15,433,235,3,'2020-01-18 18:52:55'),(16,168,217,1,'2020-01-18 18:52:55'),(17,243,477,2,'2020-01-18 18:52:55'),(18,345,257,3,'2020-01-18 18:52:55'),(19,489,187,4,'2020-01-18 18:52:55'),(20,274,467,1,'2020-01-18 18:52:55'),(21,166,289,4,'2020-01-18 18:52:55'),(22,371,10,4,'2020-01-18 18:52:55'),(23,147,430,2,'2020-01-18 18:52:55'),(24,255,148,4,'2020-01-18 18:52:55'),(25,421,185,2,'2020-01-18 18:52:55'),(26,251,273,1,'2020-01-18 18:52:55'),(27,229,317,4,'2020-01-18 18:52:55'),(28,34,479,3,'2020-01-18 18:52:55'),(29,25,246,2,'2020-01-18 18:52:55'),(30,31,193,3,'2020-01-18 18:52:55'),(31,287,314,2,'2020-01-18 18:52:55'),(32,96,355,4,'2020-01-18 18:52:55'),(33,373,401,4,'2020-01-18 18:52:55'),(34,233,2,3,'2020-01-18 18:52:55'),(35,38,264,2,'2020-01-18 18:52:55'),(36,240,81,2,'2020-01-18 18:52:55'),(37,182,355,2,'2020-01-18 18:52:55'),(38,66,153,1,'2020-01-18 18:52:55'),(39,367,139,1,'2020-01-18 18:52:55'),(40,44,443,1,'2020-01-18 18:52:55'),(41,92,207,3,'2020-01-18 18:52:55'),(42,163,44,2,'2020-01-18 18:52:55'),(43,22,415,1,'2020-01-18 18:52:55'),(44,302,481,4,'2020-01-18 18:52:55'),(45,50,254,1,'2020-01-18 18:52:55'),(46,341,340,2,'2020-01-18 18:52:55'),(47,360,271,3,'2020-01-18 18:52:55'),(48,57,465,2,'2020-01-18 18:52:55'),(49,356,330,1,'2020-01-18 18:52:55'),(50,421,358,1,'2020-01-18 18:52:55'),(51,52,184,3,'2020-01-18 18:52:55'),(52,264,30,3,'2020-01-18 18:52:55'),(53,187,369,3,'2020-01-18 18:52:55'),(54,304,172,4,'2020-01-18 18:52:55'),(55,226,284,2,'2020-01-18 18:52:55'),(56,356,55,2,'2020-01-18 18:52:55'),(57,359,182,3,'2020-01-18 18:52:55'),(58,116,79,1,'2020-01-18 18:52:55'),(59,11,405,4,'2020-01-18 18:52:55'),(60,250,268,1,'2020-01-18 18:52:55'),(61,140,435,3,'2020-01-18 18:52:55'),(62,454,17,2,'2020-01-18 18:52:55'),(63,44,63,2,'2020-01-18 18:52:55'),(64,231,102,3,'2020-01-18 18:52:55'),(65,266,388,2,'2020-01-18 18:52:55'),(66,42,285,3,'2020-01-18 18:52:55'),(67,142,310,2,'2020-01-18 18:52:55'),(68,197,108,4,'2020-01-18 18:52:55'),(69,415,230,4,'2020-01-18 18:52:55'),(70,343,494,4,'2020-01-18 18:52:55'),(71,216,261,2,'2020-01-18 18:52:55'),(72,1,35,2,'2020-01-18 18:52:55'),(73,256,260,1,'2020-01-18 18:52:55'),(74,385,325,4,'2020-01-18 18:52:55'),(75,363,413,4,'2020-01-18 18:52:55'),(76,127,216,2,'2020-01-18 18:52:55'),(77,337,95,4,'2020-01-18 18:52:55'),(78,19,211,4,'2020-01-18 18:52:55'),(79,356,286,3,'2020-01-18 18:52:55'),(80,450,164,4,'2020-01-18 18:52:55'),(81,347,333,1,'2020-01-18 18:52:55'),(82,106,168,1,'2020-01-18 18:52:55'),(83,106,463,4,'2020-01-18 18:52:55'),(84,94,481,1,'2020-01-18 18:52:55'),(85,155,417,1,'2020-01-18 18:52:55'),(86,339,340,2,'2020-01-18 18:52:55'),(87,386,388,3,'2020-01-18 18:52:55'),(88,243,371,2,'2020-01-18 18:52:55'),(89,13,190,4,'2020-01-18 18:52:55'),(90,476,153,3,'2020-01-18 18:52:55'),(91,225,114,4,'2020-01-18 18:52:55'),(92,125,443,3,'2020-01-18 18:52:55'),(93,363,301,4,'2020-01-18 18:52:55'),(94,175,125,1,'2020-01-18 18:52:55'),(95,137,376,4,'2020-01-18 18:52:55'),(96,211,152,2,'2020-01-18 18:52:55'),(97,180,18,1,'2020-01-18 18:52:55'),(98,190,302,4,'2020-01-18 18:52:55'),(99,298,167,4,'2020-01-18 18:52:55'),(100,194,151,2,'2020-01-18 18:52:55'),(101,416,59,1,'2020-01-18 18:52:55'),(102,57,145,1,'2020-01-18 18:52:55'),(103,330,490,4,'2020-01-18 18:52:55'),(104,325,249,3,'2020-01-18 18:52:55'),(105,98,183,1,'2020-01-18 18:52:55'),(106,54,408,4,'2020-01-18 18:52:55'),(107,160,170,3,'2020-01-18 18:52:55'),(108,324,18,1,'2020-01-18 18:52:55'),(109,39,337,1,'2020-01-18 18:52:55'),(110,325,423,2,'2020-01-18 18:52:55'),(111,422,194,2,'2020-01-18 18:52:55'),(112,447,114,2,'2020-01-18 18:52:55'),(113,308,347,3,'2020-01-18 18:52:55'),(114,20,162,2,'2020-01-18 18:52:55'),(115,254,24,3,'2020-01-18 18:52:55'),(116,228,57,1,'2020-01-18 18:52:55'),(117,330,346,2,'2020-01-18 18:52:55'),(118,196,235,1,'2020-01-18 18:52:55'),(119,234,406,3,'2020-01-18 18:52:55'),(120,412,80,2,'2020-01-18 18:52:55'),(121,76,392,2,'2020-01-18 18:52:55'),(122,476,188,1,'2020-01-18 18:52:55'),(123,489,414,1,'2020-01-18 18:52:55'),(124,260,500,2,'2020-01-18 18:52:55'),(125,96,321,3,'2020-01-18 18:52:55'),(126,121,153,4,'2020-01-18 18:52:55'),(127,50,45,1,'2020-01-18 18:52:55'),(128,227,417,4,'2020-01-18 18:52:55'),(129,272,147,4,'2020-01-18 18:52:55'),(130,147,481,4,'2020-01-18 18:52:55'),(131,368,454,2,'2020-01-18 18:52:55'),(132,454,281,1,'2020-01-18 18:52:55'),(133,367,210,4,'2020-01-18 18:52:55'),(134,103,174,1,'2020-01-18 18:52:55'),(135,275,197,2,'2020-01-18 18:52:55'),(136,212,78,3,'2020-01-18 18:52:55'),(137,30,389,3,'2020-01-18 18:52:55'),(138,119,24,3,'2020-01-18 18:52:55'),(139,227,356,1,'2020-01-18 18:52:55'),(140,423,318,3,'2020-01-18 18:52:55'),(141,162,337,2,'2020-01-18 18:52:55'),(142,480,304,1,'2020-01-18 18:52:55'),(143,484,182,4,'2020-01-18 18:52:55'),(144,233,298,3,'2020-01-18 18:52:55'),(145,49,378,2,'2020-01-18 18:52:55'),(146,90,214,3,'2020-01-18 18:52:55'),(147,358,388,3,'2020-01-18 18:52:55'),(148,175,270,3,'2020-01-18 18:52:55'),(149,305,55,3,'2020-01-18 18:52:55'),(150,135,93,1,'2020-01-18 18:52:55'),(151,24,436,1,'2020-01-18 18:52:55'),(152,241,373,2,'2020-01-18 18:52:55'),(153,97,52,4,'2020-01-18 18:52:55'),(154,196,66,2,'2020-01-18 18:52:55'),(155,22,376,3,'2020-01-18 18:52:55'),(156,437,247,4,'2020-01-18 18:52:55'),(157,373,97,3,'2020-01-18 18:52:55'),(158,22,24,1,'2020-01-18 18:52:55'),(159,183,262,3,'2020-01-18 18:52:55'),(160,9,268,3,'2020-01-18 18:52:55'),(161,251,321,3,'2020-01-18 18:52:55'),(162,296,423,2,'2020-01-18 18:52:55'),(163,357,109,4,'2020-01-18 18:52:55'),(164,42,289,3,'2020-01-18 18:52:55'),(165,214,121,4,'2020-01-18 18:52:55'),(166,444,337,3,'2020-01-18 18:52:55'),(167,255,212,3,'2020-01-18 18:52:55'),(168,340,316,1,'2020-01-18 18:52:55'),(169,333,496,4,'2020-01-18 18:52:55'),(170,421,157,1,'2020-01-18 18:52:55'),(171,144,151,3,'2020-01-18 18:52:55'),(172,161,334,2,'2020-01-18 18:52:55'),(173,434,108,2,'2020-01-18 18:52:55'),(174,366,114,4,'2020-01-18 18:52:55'),(175,12,146,2,'2020-01-18 18:52:55'),(176,25,47,2,'2020-01-18 18:52:55'),(177,155,298,1,'2020-01-18 18:52:55'),(178,232,83,2,'2020-01-18 18:52:55'),(179,346,71,3,'2020-01-18 18:52:55'),(180,377,430,1,'2020-01-18 18:52:55'),(181,298,436,3,'2020-01-18 18:52:55'),(182,121,246,3,'2020-01-18 18:52:55'),(183,96,381,1,'2020-01-18 18:52:55'),(184,427,293,2,'2020-01-18 18:52:55'),(185,35,125,1,'2020-01-18 18:52:55'),(186,226,70,2,'2020-01-18 18:52:55'),(187,142,197,1,'2020-01-18 18:52:55'),(188,210,370,2,'2020-01-18 18:52:55'),(189,471,207,1,'2020-01-18 18:52:55'),(190,485,60,3,'2020-01-18 18:52:55'),(191,42,174,2,'2020-01-18 18:52:55'),(192,211,315,4,'2020-01-18 18:52:55'),(193,258,469,1,'2020-01-18 18:52:55'),(194,432,455,4,'2020-01-18 18:52:55'),(195,30,212,4,'2020-01-18 18:52:55'),(196,213,153,2,'2020-01-18 18:52:55'),(197,174,487,4,'2020-01-18 18:52:55'),(198,117,337,3,'2020-01-18 18:52:55'),(199,149,248,3,'2020-01-18 18:52:55'),(200,226,247,1,'2020-01-18 18:52:55'),(201,34,6,4,'2020-01-18 18:52:55'),(202,116,299,2,'2020-01-18 18:52:55'),(203,330,212,1,'2020-01-18 18:52:55'),(204,224,403,3,'2020-01-18 18:52:55'),(205,496,456,3,'2020-01-18 18:52:55'),(206,97,104,2,'2020-01-18 18:52:55'),(207,339,5,1,'2020-01-18 18:52:55'),(208,8,24,1,'2020-01-18 18:52:55'),(209,419,299,2,'2020-01-18 18:52:55'),(210,287,226,3,'2020-01-18 18:52:55'),(211,154,470,4,'2020-01-18 18:52:55'),(212,28,476,3,'2020-01-18 18:52:55'),(213,59,403,3,'2020-01-18 18:52:55'),(214,471,345,3,'2020-01-18 18:52:55'),(215,32,220,1,'2020-01-18 18:52:55'),(216,351,249,2,'2020-01-18 18:52:55'),(217,209,469,2,'2020-01-18 18:52:55'),(218,176,230,1,'2020-01-18 18:52:55'),(219,415,211,3,'2020-01-18 18:52:55'),(220,418,159,1,'2020-01-18 18:52:55'),(221,231,28,4,'2020-01-18 18:52:55'),(222,143,379,4,'2020-01-18 18:52:55'),(223,191,58,2,'2020-01-18 18:52:55'),(224,396,338,1,'2020-01-18 18:52:55'),(225,495,467,3,'2020-01-18 18:52:55'),(226,350,201,4,'2020-01-18 18:52:55'),(227,154,414,1,'2020-01-18 18:52:55'),(228,310,215,2,'2020-01-18 18:52:55'),(229,85,487,2,'2020-01-18 18:52:55'),(230,431,117,3,'2020-01-18 18:52:55'),(231,119,212,2,'2020-01-18 18:52:55'),(232,383,303,3,'2020-01-18 18:52:55'),(233,420,499,2,'2020-01-18 18:52:55'),(234,185,216,1,'2020-01-18 18:52:55'),(235,474,295,1,'2020-01-18 18:52:55'),(236,382,249,1,'2020-01-18 18:52:55'),(237,237,394,3,'2020-01-18 18:52:55'),(238,119,311,2,'2020-01-18 18:52:55'),(239,58,197,3,'2020-01-18 18:52:55'),(240,452,333,3,'2020-01-18 18:52:55'),(241,39,274,3,'2020-01-18 18:52:55'),(242,434,418,3,'2020-01-18 18:52:55'),(243,167,484,4,'2020-01-18 18:52:55'),(244,140,445,3,'2020-01-18 18:52:55'),(245,178,480,3,'2020-01-18 18:52:55'),(246,387,339,1,'2020-01-18 18:52:55'),(247,151,152,3,'2020-01-18 18:52:55'),(248,85,500,2,'2020-01-18 18:52:55'),(249,211,327,1,'2020-01-18 18:52:55'),(250,36,170,2,'2020-01-18 18:52:55'),(251,184,202,4,'2020-01-18 18:52:55'),(252,188,64,3,'2020-01-18 18:52:55'),(253,74,109,3,'2020-01-18 18:52:55'),(254,282,446,4,'2020-01-18 18:52:55'),(255,74,223,4,'2020-01-18 18:52:55'),(256,298,307,2,'2020-01-18 18:52:55'),(257,280,479,1,'2020-01-18 18:52:55'),(258,342,39,2,'2020-01-18 18:52:55'),(259,236,169,2,'2020-01-18 18:52:55'),(260,171,447,2,'2020-01-18 18:52:55'),(261,261,142,4,'2020-01-18 18:52:55'),(262,203,235,1,'2020-01-18 18:52:55'),(263,140,492,1,'2020-01-18 18:52:55'),(264,224,500,3,'2020-01-18 18:52:55'),(265,141,217,2,'2020-01-18 18:52:55'),(266,162,324,2,'2020-01-18 18:52:55'),(267,178,498,4,'2020-01-18 18:52:55'),(268,290,81,1,'2020-01-18 18:52:55'),(269,418,491,2,'2020-01-18 18:52:55'),(270,43,102,4,'2020-01-18 18:52:55'),(271,108,392,2,'2020-01-18 18:52:55'),(272,498,85,4,'2020-01-18 18:52:55'),(273,389,159,2,'2020-01-18 18:52:55'),(274,155,395,1,'2020-01-18 18:52:55'),(275,365,296,4,'2020-01-18 18:52:55'),(276,26,480,3,'2020-01-18 18:52:55'),(277,166,365,3,'2020-01-18 18:52:55'),(278,32,183,3,'2020-01-18 18:52:55'),(279,44,266,2,'2020-01-18 18:52:55'),(280,172,278,3,'2020-01-18 18:52:55'),(281,32,39,1,'2020-01-18 18:52:55'),(282,382,110,4,'2020-01-18 18:52:55'),(283,176,175,3,'2020-01-18 18:52:55'),(284,210,8,4,'2020-01-18 18:52:55'),(285,27,404,4,'2020-01-18 18:52:55'),(286,485,104,1,'2020-01-18 18:52:55'),(287,21,404,4,'2020-01-18 18:52:55'),(288,78,15,3,'2020-01-18 18:52:55'),(289,149,228,2,'2020-01-18 18:52:55'),(290,271,283,1,'2020-01-18 18:52:55'),(291,152,460,3,'2020-01-18 18:52:55'),(292,327,111,1,'2020-01-18 18:52:55'),(293,39,471,2,'2020-01-18 18:52:55'),(294,280,182,1,'2020-01-18 18:52:55'),(295,297,88,2,'2020-01-18 18:52:55'),(296,144,233,2,'2020-01-18 18:52:55'),(297,475,168,4,'2020-01-18 18:52:55'),(298,67,93,3,'2020-01-18 18:52:55'),(299,38,397,3,'2020-01-18 18:52:55'),(300,167,217,1,'2020-01-18 18:52:55'),(301,283,153,4,'2020-01-18 18:52:55'),(302,123,364,4,'2020-01-18 18:52:55'),(303,161,451,3,'2020-01-18 18:52:55'),(304,3,203,1,'2020-01-18 18:52:55'),(305,414,57,1,'2020-01-18 18:52:55'),(306,26,10,4,'2020-01-18 18:52:55'),(307,337,262,3,'2020-01-18 18:52:55'),(308,219,190,3,'2020-01-18 18:52:55'),(309,399,113,3,'2020-01-18 18:52:55'),(310,490,353,3,'2020-01-18 18:52:55'),(311,416,193,2,'2020-01-18 18:52:55'),(312,10,397,4,'2020-01-18 18:52:55'),(313,79,34,4,'2020-01-18 18:52:55'),(314,49,456,2,'2020-01-18 18:52:55'),(315,287,42,3,'2020-01-18 18:52:55'),(316,104,482,1,'2020-01-18 18:52:55'),(317,50,450,1,'2020-01-18 18:52:55'),(318,140,408,1,'2020-01-18 18:52:55'),(319,364,466,2,'2020-01-18 18:52:55'),(320,298,271,4,'2020-01-18 18:52:55'),(321,489,61,3,'2020-01-18 18:52:55'),(322,16,59,2,'2020-01-18 18:52:55'),(323,49,11,4,'2020-01-18 18:52:55'),(324,499,275,4,'2020-01-18 18:52:55'),(325,58,161,2,'2020-01-18 18:52:55'),(326,163,428,2,'2020-01-18 18:52:55'),(327,472,407,1,'2020-01-18 18:52:55'),(328,354,426,1,'2020-01-18 18:52:55'),(329,52,63,2,'2020-01-18 18:52:55'),(330,101,32,3,'2020-01-18 18:52:55'),(331,179,329,1,'2020-01-18 18:52:55'),(332,57,456,1,'2020-01-18 18:52:55'),(333,171,33,2,'2020-01-18 18:52:55'),(334,156,326,2,'2020-01-18 18:52:55'),(335,336,191,4,'2020-01-18 18:52:55'),(336,161,464,3,'2020-01-18 18:52:55'),(337,283,409,2,'2020-01-18 18:52:55'),(338,253,175,1,'2020-01-18 18:52:55'),(339,60,447,1,'2020-01-18 18:52:55'),(340,443,43,4,'2020-01-18 18:52:55'),(341,299,339,3,'2020-01-18 18:52:55'),(342,456,397,1,'2020-01-18 18:52:55'),(343,397,131,4,'2020-01-18 18:52:55'),(344,415,191,2,'2020-01-18 18:52:55'),(345,464,198,1,'2020-01-18 18:52:55'),(346,386,144,1,'2020-01-18 18:52:55'),(347,362,134,1,'2020-01-18 18:52:55'),(348,11,307,1,'2020-01-18 18:52:55'),(349,91,445,4,'2020-01-18 18:52:55'),(350,432,300,2,'2020-01-18 18:52:55'),(351,119,482,1,'2020-01-18 18:52:55'),(352,313,410,1,'2020-01-18 18:52:55'),(353,315,246,3,'2020-01-18 18:52:55'),(354,192,103,4,'2020-01-18 18:52:55'),(355,374,58,2,'2020-01-18 18:52:55'),(356,161,303,1,'2020-01-18 18:52:55'),(357,258,187,2,'2020-01-18 18:52:55'),(358,254,279,2,'2020-01-18 18:52:55'),(359,330,250,3,'2020-01-18 18:52:55'),(360,41,430,1,'2020-01-18 18:52:55'),(361,335,99,4,'2020-01-18 18:52:55'),(362,160,325,2,'2020-01-18 18:52:55'),(363,250,312,3,'2020-01-18 18:52:55'),(364,119,162,4,'2020-01-18 18:52:55'),(365,270,496,2,'2020-01-18 18:52:55'),(366,364,308,4,'2020-01-18 18:52:55'),(367,312,216,2,'2020-01-18 18:52:55'),(368,70,419,4,'2020-01-18 18:52:55'),(369,161,153,3,'2020-01-18 18:52:55'),(370,454,419,2,'2020-01-18 18:52:55'),(371,420,390,2,'2020-01-18 18:52:55'),(372,293,385,1,'2020-01-18 18:52:55'),(373,70,216,3,'2020-01-18 18:52:55'),(374,200,389,3,'2020-01-18 18:52:55'),(375,65,286,2,'2020-01-18 18:52:55'),(376,302,315,2,'2020-01-18 18:52:55'),(377,399,487,2,'2020-01-18 18:52:55'),(378,222,398,3,'2020-01-18 18:52:55'),(379,431,180,1,'2020-01-18 18:52:55'),(380,492,141,2,'2020-01-18 18:52:55'),(381,217,402,3,'2020-01-18 18:52:55'),(382,79,322,3,'2020-01-18 18:52:55'),(383,403,395,3,'2020-01-18 18:52:55'),(384,126,342,3,'2020-01-18 18:52:55'),(385,133,170,4,'2020-01-18 18:52:55'),(386,244,365,1,'2020-01-18 18:52:55'),(387,374,87,3,'2020-01-18 18:52:55'),(388,296,47,3,'2020-01-18 18:52:55'),(389,83,378,2,'2020-01-18 18:52:55'),(390,80,470,1,'2020-01-18 18:52:55'),(391,144,386,4,'2020-01-18 18:52:55'),(392,325,133,2,'2020-01-18 18:52:55'),(393,54,196,3,'2020-01-18 18:52:55'),(394,10,88,4,'2020-01-18 18:52:55'),(395,295,238,3,'2020-01-18 18:52:55'),(396,303,104,1,'2020-01-18 18:52:55'),(397,249,405,3,'2020-01-18 18:52:55'),(398,185,83,3,'2020-01-18 18:52:55'),(399,46,152,1,'2020-01-18 18:52:55'),(400,151,391,1,'2020-01-18 18:52:55'),(401,339,185,4,'2020-01-18 18:52:55'),(402,493,233,2,'2020-01-18 18:52:55'),(403,236,117,4,'2020-01-18 18:52:55'),(404,30,23,1,'2020-01-18 18:52:55'),(405,42,143,1,'2020-01-18 18:52:55'),(406,16,312,1,'2020-01-18 18:52:55'),(407,115,46,4,'2020-01-18 18:52:55'),(408,282,258,4,'2020-01-18 18:52:55'),(409,442,378,1,'2020-01-18 18:52:55'),(410,197,283,3,'2020-01-18 18:52:55'),(411,274,397,2,'2020-01-18 18:52:55'),(412,112,78,1,'2020-01-18 18:52:55'),(413,33,5,4,'2020-01-18 18:52:55'),(414,108,88,2,'2020-01-18 18:52:55'),(415,205,25,1,'2020-01-18 18:52:55'),(416,466,303,1,'2020-01-18 18:52:55'),(417,188,82,3,'2020-01-18 18:52:55'),(418,468,310,2,'2020-01-18 18:52:55'),(419,295,41,3,'2020-01-18 18:52:55'),(420,467,382,1,'2020-01-18 18:52:55'),(421,382,393,3,'2020-01-18 18:52:55'),(422,416,120,3,'2020-01-18 18:52:55'),(423,403,458,1,'2020-01-18 18:52:55'),(424,28,399,4,'2020-01-18 18:52:55'),(425,356,47,2,'2020-01-18 18:52:55'),(426,195,472,3,'2020-01-18 18:52:55'),(427,463,487,1,'2020-01-18 18:52:55'),(428,258,159,1,'2020-01-18 18:52:55'),(429,115,22,3,'2020-01-18 18:52:55'),(430,246,441,4,'2020-01-18 18:52:55'),(431,14,166,3,'2020-01-18 18:52:55'),(432,442,346,2,'2020-01-18 18:52:55'),(433,492,239,2,'2020-01-18 18:52:55'),(434,374,216,4,'2020-01-18 18:52:55'),(435,138,316,2,'2020-01-18 18:52:55'),(436,377,392,3,'2020-01-18 18:52:55'),(437,454,294,1,'2020-01-18 18:52:55'),(438,142,396,1,'2020-01-18 18:52:55'),(439,76,222,4,'2020-01-18 18:52:55'),(440,228,4,3,'2020-01-18 18:52:55'),(441,161,302,1,'2020-01-18 18:52:55'),(442,223,35,1,'2020-01-18 18:52:55'),(443,430,127,3,'2020-01-18 18:52:55'),(444,338,158,3,'2020-01-18 18:52:55'),(445,401,179,2,'2020-01-18 18:52:55'),(446,424,43,4,'2020-01-18 18:52:55'),(447,73,42,4,'2020-01-18 18:52:55'),(448,329,169,3,'2020-01-18 18:52:55'),(449,298,404,2,'2020-01-18 18:52:55'),(450,426,245,4,'2020-01-18 18:52:55'),(451,500,160,3,'2020-01-18 18:52:55'),(452,9,152,2,'2020-01-18 18:52:55'),(453,207,334,1,'2020-01-18 18:52:55'),(454,246,82,2,'2020-01-18 18:52:55'),(455,109,29,3,'2020-01-18 18:52:55'),(456,12,101,4,'2020-01-18 18:52:55'),(457,26,233,1,'2020-01-18 18:52:55'),(458,235,414,3,'2020-01-18 18:52:55'),(459,86,331,4,'2020-01-18 18:52:55'),(460,485,238,2,'2020-01-18 18:52:55'),(461,466,120,2,'2020-01-18 18:52:55'),(462,143,112,2,'2020-01-18 18:52:55'),(463,310,164,4,'2020-01-18 18:52:55'),(464,456,110,2,'2020-01-18 18:52:55'),(465,71,88,2,'2020-01-18 18:52:55'),(466,357,203,4,'2020-01-18 18:52:55'),(467,116,244,3,'2020-01-18 18:52:55'),(468,130,31,3,'2020-01-18 18:52:55'),(469,236,383,2,'2020-01-18 18:52:55'),(470,369,234,1,'2020-01-18 18:52:55'),(471,105,340,4,'2020-01-18 18:52:55'),(472,402,356,1,'2020-01-18 18:52:55'),(473,308,312,2,'2020-01-18 18:52:55'),(474,238,286,2,'2020-01-18 18:52:55'),(475,220,452,1,'2020-01-18 18:52:55'),(476,137,387,1,'2020-01-18 18:52:55'),(477,457,215,2,'2020-01-18 18:52:55'),(478,377,271,2,'2020-01-18 18:52:55'),(479,307,363,4,'2020-01-18 18:52:55'),(480,368,166,2,'2020-01-18 18:52:55'),(481,131,475,4,'2020-01-18 18:52:55'),(482,495,19,1,'2020-01-18 18:52:55'),(483,6,189,4,'2020-01-18 18:52:55'),(484,62,32,4,'2020-01-18 18:52:55'),(485,276,458,4,'2020-01-18 18:52:55'),(486,423,235,4,'2020-01-18 18:52:55'),(487,331,432,2,'2020-01-18 18:52:55'),(488,45,219,4,'2020-01-18 18:52:55'),(489,143,335,2,'2020-01-18 18:52:55'),(490,222,372,2,'2020-01-18 18:52:55'),(491,344,146,2,'2020-01-18 18:52:55'),(492,46,140,1,'2020-01-18 18:52:55'),(493,381,223,4,'2020-01-18 18:52:55'),(494,190,35,1,'2020-01-18 18:52:55'),(495,418,274,1,'2020-01-18 18:52:55'),(496,265,472,1,'2020-01-18 18:52:55'),(497,412,360,1,'2020-01-18 18:52:55'),(498,246,34,4,'2020-01-18 18:52:55'),(499,50,457,2,'2020-01-18 18:52:55'),(500,307,128,2,'2020-01-18 18:52:55');
/*!40000 ALTER TABLE `likes` ENABLE KEYS */;
UNLOCK TABLES;

--
-- Table structure for table `media`
--

DROP TABLE IF EXISTS `media`;
/*!40101 SET @saved_cs_client     = @@character_set_client */;
/*!50503 SET character_set_client = utf8mb4 */;
CREATE TABLE `media` (
  `id` int(10) unsigned NOT NULL AUTO_INCREMENT,
  `media_type_id` int(10) unsigned DEFAULT NULL,
  `user_id` int(10) unsigned NOT NULL,
  `filename` varchar(255) CHARACTER SET utf8 COLLATE utf8_unicode_ci NOT NULL,
  `size` int(11) NOT NULL,
  `metadata` json DEFAULT NULL,
  `created_at` datetime DEFAULT CURRENT_TIMESTAMP,
  `updated_at` datetime DEFAULT CURRENT_TIMESTAMP ON UPDATE CURRENT_TIMESTAMP,
  PRIMARY KEY (`id`),
  KEY `media_media_type_id_fk` (`media_type_id`),
  KEY `media_user_id` (`user_id`),
  CONSTRAINT `media_media_type_id_fk` FOREIGN KEY (`media_type_id`) REFERENCES `media_types` (`id`) ON DELETE SET NULL,
  CONSTRAINT `media_user_id` FOREIGN KEY (`user_id`) REFERENCES `users` (`id`) ON DELETE CASCADE
) ENGINE=InnoDB AUTO_INCREMENT=301 DEFAULT CHARSET=utf8 COLLATE=utf8_unicode_ci;
/*!40101 SET character_set_client = @saved_cs_client */;

--
-- Dumping data for table `media`
--

LOCK TABLES `media` WRITE;
/*!40000 ALTER TABLE `media` DISABLE KEYS */;
INSERT INTO `media` VALUES (1,3,275,'https://dropbox/vk/file_783524',783524,'{\"783524\": \"Lenny Murazik\"}','1976-10-21 08:53:28','2020-01-09 14:33:03'),(2,2,66,'https://dropbox/vk/file_991356',991356,'{\"991356\": \"Casper Thompson\"}','1987-07-13 21:09:18','2020-01-09 14:33:03'),(3,1,4,'https://dropbox/vk/file_606210',606210,'{\"606210\": \"Jordon Watsica\"}','1981-06-23 12:00:53','2020-01-09 14:33:03'),(4,2,320,'https://dropbox/vk/file_56981',56981,'{\"56981\": \"Lilyan Treutel\"}','1985-11-18 05:07:05','2020-01-09 14:33:03'),(5,2,90,'https://dropbox/vk/file_466273',466273,'{\"466273\": \"Oscar Wintheiser\"}','2012-10-02 14:00:59','2020-01-09 14:33:03'),(6,3,487,'https://dropbox/vk/file_160424',160424,'{\"160424\": \"Ladarius McGlynn\"}','1992-08-30 09:04:13','2020-01-09 14:33:03'),(7,2,166,'https://dropbox/vk/file_403298',403298,'{\"403298\": \"Hassan Purdy\"}','1991-01-04 02:38:47','2020-01-09 14:33:03'),(8,1,367,'https://dropbox/vk/file_535220',535220,'{\"535220\": \"Bert Towne\"}','1995-11-24 16:33:30','2020-01-09 14:33:03'),(9,1,337,'https://dropbox/vk/file_466206',466206,'{\"466206\": \"Reva Hamill\"}','2019-02-25 07:45:47','2020-01-09 14:33:03'),(10,2,83,'https://dropbox/vk/file_725367',725367,'{\"725367\": \"Julie Deckow\"}','2009-07-30 03:55:18','2020-01-09 14:33:03'),(11,1,403,'https://dropbox/vk/file_228222',228222,'{\"228222\": \"Brenda Balistreri\"}','2014-05-12 04:56:55','2020-01-09 14:33:03'),(12,2,267,'https://dropbox/vk/file_965005',965005,'{\"965005\": \"Alexis Spencer\"}','1997-12-15 17:05:42','2020-01-09 14:33:03'),(13,3,125,'https://dropbox/vk/file_140363',140363,'{\"140363\": \"Jeffery Medhurst\"}','1986-08-24 23:57:58','2020-01-09 14:33:03'),(14,2,322,'https://dropbox/vk/file_806795',806795,'{\"806795\": \"Annie Bartell\"}','2004-04-14 09:17:25','2020-01-09 14:33:03'),(15,3,237,'https://dropbox/vk/file_612888',612888,'{\"612888\": \"Eloisa Balistreri\"}','1972-12-18 22:21:49','2020-01-09 14:33:03'),(16,2,218,'https://dropbox/vk/file_644057',644057,'{\"644057\": \"Sadye Kerluke\"}','2009-09-10 03:52:57','2020-01-09 14:33:03'),(17,2,379,'https://dropbox/vk/file_381620',381620,'{\"381620\": \"Cary Will\"}','1988-10-21 03:49:57','2020-01-09 14:33:03'),(18,1,241,'https://dropbox/vk/file_975928',975928,'{\"975928\": \"Marina Marvin\"}','2016-11-30 21:53:24','2020-01-09 14:33:03'),(19,3,65,'https://dropbox/vk/file_734781',734781,'{\"734781\": \"Myrl Runolfsson\"}','2010-03-17 21:41:43','2020-01-09 14:33:03'),(20,1,102,'https://dropbox/vk/file_746120',746120,'{\"746120\": \"Ayden Walsh\"}','1971-06-10 05:14:12','2020-01-09 14:33:03'),(21,1,314,'https://dropbox/vk/file_526260',526260,'{\"526260\": \"Carlie Ullrich\"}','1993-05-05 12:51:06','2020-01-09 14:33:03'),(22,2,266,'https://dropbox/vk/file_392941',392941,'{\"392941\": \"Coy Nikolaus\"}','2004-05-22 22:54:31','2020-01-09 14:33:03'),(23,2,387,'https://dropbox/vk/file_385921',385921,'{\"385921\": \"Gregg Walker\"}','2006-06-03 09:44:26','2020-01-09 14:33:03'),(24,2,137,'https://dropbox/vk/file_750785',750785,'{\"750785\": \"Jaylan Langosh\"}','1972-07-06 20:33:33','2020-01-09 14:33:03'),(25,2,23,'https://dropbox/vk/file_596160',596160,'{\"596160\": \"Ervin Little\"}','2011-11-18 13:13:17','2020-01-09 14:33:03'),(26,1,205,'https://dropbox/vk/file_728445',728445,'{\"728445\": \"Rachel Bruen\"}','1989-04-20 17:14:18','2020-01-09 14:33:03'),(27,1,453,'https://dropbox/vk/file_853747',853747,'{\"853747\": \"Erich Heathcote\"}','1987-06-30 00:51:46','2020-01-09 14:33:03'),(28,1,151,'https://dropbox/vk/file_83403',83403,'{\"83403\": \"Brenna Conroy\"}','2006-06-05 04:13:19','2020-01-09 14:33:03'),(29,2,396,'https://dropbox/vk/file_855768',855768,'{\"855768\": \"Adrianna Krajcik\"}','1988-04-18 22:32:08','2020-01-09 14:33:03'),(30,2,27,'https://dropbox/vk/file_28634',28634,'{\"28634\": \"Lenore Morissette\"}','1981-12-26 15:49:25','2020-01-09 14:33:03'),(31,3,447,'https://dropbox/vk/file_575863',575863,'{\"575863\": \"Anabelle Schimmel\"}','2019-11-23 08:58:15','2020-01-09 14:33:03'),(32,3,153,'https://dropbox/vk/file_793414',793414,'{\"793414\": \"Agustina Altenwerth\"}','1979-10-10 00:41:17','2020-01-09 14:33:03'),(33,3,424,'https://dropbox/vk/file_239482',239482,'{\"239482\": \"Freida Sawayn\"}','2004-12-26 19:41:53','2020-01-09 14:33:03'),(34,2,160,'https://dropbox/vk/file_817166',817166,'{\"817166\": \"Gerard Romaguera\"}','1986-09-10 12:57:49','2020-01-09 14:33:03'),(35,2,26,'https://dropbox/vk/file_367386',367386,'{\"367386\": \"Antonina Gaylord\"}','1971-04-28 12:10:32','2020-01-09 14:33:03'),(36,1,151,'https://dropbox/vk/file_385432',385432,'{\"385432\": \"Brenna Conroy\"}','2015-04-16 04:08:06','2020-01-09 14:33:03'),(37,3,178,'https://dropbox/vk/file_825002',825002,'{\"825002\": \"Adan Hammes\"}','2018-07-22 01:44:36','2020-01-09 14:33:03'),(38,2,435,'https://dropbox/vk/file_968716',968716,'{\"968716\": \"Zachery Medhurst\"}','2003-09-25 10:29:15','2020-01-09 14:33:03'),(39,2,143,'https://dropbox/vk/file_368575',368575,'{\"368575\": \"Shanel Mayer\"}','1974-01-28 13:48:53','2020-01-09 14:33:03'),(40,2,407,'https://dropbox/vk/file_936726',936726,'{\"936726\": \"Harley Cassin\"}','1999-12-09 05:29:00','2020-01-09 14:33:03'),(41,3,105,'https://dropbox/vk/file_577907',577907,'{\"577907\": \"Leann Schuppe\"}','2003-03-09 13:07:14','2020-01-09 14:33:03'),(42,1,303,'https://dropbox/vk/file_79355',79355,'{\"79355\": \"Noemy Cronin\"}','1976-05-25 13:55:00','2020-01-09 14:33:03'),(43,1,201,'https://dropbox/vk/file_663053',663053,'{\"663053\": \"Mikel Howe\"}','1982-10-30 15:49:26','2020-01-09 14:33:03'),(44,1,97,'https://dropbox/vk/file_77203',77203,'{\"77203\": \"Arnulfo Jast\"}','2013-10-08 05:37:56','2020-01-09 14:33:03'),(45,1,379,'https://dropbox/vk/file_396852',396852,'{\"396852\": \"Cary Will\"}','1991-01-02 13:19:29','2020-01-09 14:33:03'),(46,3,105,'https://dropbox/vk/file_752651',752651,'{\"752651\": \"Leann Schuppe\"}','1974-05-08 21:26:59','2020-01-09 14:33:03'),(47,2,389,'https://dropbox/vk/file_572700',572700,'{\"572700\": \"Tanner Kessler\"}','2005-05-25 08:31:43','2020-01-09 14:33:03'),(48,3,129,'https://dropbox/vk/file_605548',605548,'{\"605548\": \"Florine Kertzmann\"}','2000-04-08 17:57:10','2020-01-09 14:33:03'),(49,2,475,'https://dropbox/vk/file_309641',309641,'{\"309641\": \"Adaline Rohan\"}','1990-01-03 20:48:47','2020-01-09 14:33:03'),(50,2,491,'https://dropbox/vk/file_731560',731560,'{\"731560\": \"Emie Schuppe\"}','1977-05-22 10:02:32','2020-01-09 14:33:03'),(51,2,27,'https://dropbox/vk/file_728877',728877,'{\"728877\": \"Lenore Morissette\"}','1988-10-14 08:13:20','2020-01-09 14:33:03'),(52,1,162,'https://dropbox/vk/file_449704',449704,'{\"449704\": \"Adan Leffler\"}','1974-01-24 10:39:43','2020-01-09 14:33:03'),(53,2,227,'https://dropbox/vk/file_61890',61890,'{\"61890\": \"Lon Stroman\"}','1975-02-25 02:22:03','2020-01-09 14:33:03'),(54,1,148,'https://dropbox/vk/file_960338',960338,'{\"960338\": \"Consuelo Walker\"}','1992-11-22 07:12:27','2020-01-09 14:33:03'),(55,2,59,'https://dropbox/vk/file_616020',616020,'{\"616020\": \"Alfonzo Tillman\"}','1982-03-24 06:41:01','2020-01-09 14:33:03'),(56,3,352,'https://dropbox/vk/file_199086',199086,'{\"199086\": \"Breanne Ward\"}','1975-04-04 02:51:02','2020-01-09 14:33:03'),(57,3,82,'https://dropbox/vk/file_147371',147371,'{\"147371\": \"Carson VonRueden\"}','2013-05-01 02:18:24','2020-01-09 14:33:03'),(58,3,354,'https://dropbox/vk/file_139594',139594,'{\"139594\": \"Kattie Klocko\"}','1988-10-18 09:27:10','2020-01-09 14:33:03'),(59,3,24,'https://dropbox/vk/file_255859',255859,'{\"255859\": \"Kaitlyn Gaylord\"}','2006-08-24 14:27:37','2020-01-09 14:33:03'),(60,3,57,'https://dropbox/vk/file_860513',860513,'{\"860513\": \"Mohammad Runolfsdottir\"}','1977-03-14 05:30:51','2020-01-09 14:33:03'),(61,2,211,'https://dropbox/vk/file_534989',534989,'{\"534989\": \"Obie Koepp\"}','1997-11-27 14:09:39','2020-01-09 14:33:03'),(62,2,385,'https://dropbox/vk/file_93407',93407,'{\"93407\": \"Meaghan Wiza\"}','2000-02-01 23:02:28','2020-01-09 14:33:03'),(63,3,292,'https://dropbox/vk/file_862066',862066,'{\"862066\": \"Leila Tromp\"}','1976-06-05 09:43:42','2020-01-09 14:33:03'),(64,3,303,'https://dropbox/vk/file_30114',30114,'{\"30114\": \"Noemy Cronin\"}','2018-08-02 16:25:26','2020-01-09 14:33:03'),(65,1,140,'https://dropbox/vk/file_564365',564365,'{\"564365\": \"Griffin Hudson\"}','1994-03-26 03:49:59','2020-01-09 14:33:03'),(66,2,288,'https://dropbox/vk/file_731485',731485,'{\"731485\": \"Assunta Wolff\"}','1972-05-14 20:37:21','2020-01-09 14:33:03'),(67,3,20,'https://dropbox/vk/file_964330',964330,'{\"964330\": \"Vinnie Keebler\"}','1995-04-01 16:56:52','2020-01-09 14:33:03'),(68,3,237,'https://dropbox/vk/file_627196',627196,'{\"627196\": \"Eloisa Balistreri\"}','2013-06-10 19:48:38','2020-01-09 14:33:03'),(69,1,126,'https://dropbox/vk/file_242992',242992,'{\"242992\": \"Marcelle Kautzer\"}','1993-11-27 15:48:09','2020-01-09 14:33:03'),(70,2,416,'https://dropbox/vk/file_333371',333371,'{\"333371\": \"Sonny Stehr\"}','2018-08-17 03:01:27','2020-01-09 14:33:03'),(71,2,200,'https://dropbox/vk/file_937875',937875,'{\"937875\": \"Adaline Crooks\"}','1991-01-14 22:20:33','2020-01-09 14:33:03'),(72,2,253,'https://dropbox/vk/file_689268',689268,'{\"689268\": \"Abelardo Bednar\"}','1979-11-18 18:14:46','2020-01-09 14:33:03'),(73,1,166,'https://dropbox/vk/file_632713',632713,'{\"632713\": \"Hassan Purdy\"}','1984-09-09 19:42:23','2020-01-09 14:33:03'),(74,2,71,'https://dropbox/vk/file_95762',95762,'{\"95762\": \"Susie Ledner\"}','1994-03-10 23:27:12','2020-01-09 14:33:03'),(75,2,355,'https://dropbox/vk/file_580667',580667,'{\"580667\": \"Marc Schaefer\"}','2012-02-22 04:40:18','2020-01-09 14:33:03'),(76,3,60,'https://dropbox/vk/file_616053',616053,'{\"616053\": \"Lane Kemmer\"}','2004-07-06 07:31:33','2020-01-09 14:33:03'),(77,2,237,'https://dropbox/vk/file_338261',338261,'{\"338261\": \"Eloisa Balistreri\"}','1995-03-24 01:26:58','2020-01-09 14:33:03'),(78,3,4,'https://dropbox/vk/file_843148',843148,'{\"843148\": \"Jordon Watsica\"}','1994-10-03 09:51:36','2020-01-09 14:33:03'),(79,2,307,'https://dropbox/vk/file_200958',200958,'{\"200958\": \"Saul Bechtelar\"}','2001-12-31 09:54:54','2020-01-09 14:33:03'),(80,3,25,'https://dropbox/vk/file_475343',475343,'{\"475343\": \"Addison Wunsch\"}','2001-12-30 16:57:36','2020-01-09 14:33:03'),(81,3,202,'https://dropbox/vk/file_773841',773841,'{\"773841\": \"Alva Howell\"}','2009-07-13 19:38:32','2020-01-09 14:33:03'),(82,1,436,'https://dropbox/vk/file_443179',443179,'{\"443179\": \"Kaitlin Toy\"}','1978-09-17 15:57:07','2020-01-09 14:33:03'),(83,2,72,'https://dropbox/vk/file_894369',894369,'{\"894369\": \"Vicenta Prohaska\"}','2005-09-22 15:27:47','2020-01-09 14:33:03'),(84,2,51,'https://dropbox/vk/file_142313',142313,'{\"142313\": \"Jeanne Wolf\"}','1984-06-30 03:03:28','2020-01-09 14:33:03'),(85,1,41,'https://dropbox/vk/file_28456',28456,'{\"28456\": \"Kari Keeling\"}','1986-01-04 03:58:15','2020-01-09 14:33:03'),(86,3,49,'https://dropbox/vk/file_715337',715337,'{\"715337\": \"Cora Tremblay\"}','2012-10-15 04:07:58','2020-01-09 14:33:03'),(87,1,121,'https://dropbox/vk/file_491322',491322,'{\"491322\": \"Edyth Leuschke\"}','2015-06-16 07:52:48','2020-01-09 14:33:03'),(88,1,459,'https://dropbox/vk/file_310596',310596,'{\"310596\": \"Ben Murphy\"}','1995-12-09 18:05:36','2020-01-09 14:33:03'),(89,1,433,'https://dropbox/vk/file_79014',79014,'{\"79014\": \"Titus Kilback\"}','1981-08-12 23:17:53','2020-01-09 14:33:03'),(90,2,285,'https://dropbox/vk/file_463283',463283,'{\"463283\": \"Dustin Harvey\"}','1994-04-28 08:22:57','2020-01-09 14:33:03'),(91,3,125,'https://dropbox/vk/file_79371',79371,'{\"79371\": \"Jeffery Medhurst\"}','2003-03-09 16:16:05','2020-01-09 14:33:03'),(92,3,270,'https://dropbox/vk/file_7006',7006,'{\"7006\": \"Rico Reinger\"}','2001-01-14 15:54:45','2020-01-09 14:33:03'),(93,2,477,'https://dropbox/vk/file_796917',796917,'{\"796917\": \"Emmet Funk\"}','2007-05-28 12:00:00','2020-01-09 14:33:03'),(94,2,72,'https://dropbox/vk/file_963567',963567,'{\"963567\": \"Vicenta Prohaska\"}','2018-08-01 16:54:53','2020-01-09 14:33:03'),(95,3,431,'https://dropbox/vk/file_427087',427087,'{\"427087\": \"Lexie Schamberger\"}','1987-05-23 05:51:32','2020-01-09 14:33:03'),(96,1,435,'https://dropbox/vk/file_244732',244732,'{\"244732\": \"Zachery Medhurst\"}','2010-12-16 17:52:17','2020-01-09 14:33:03'),(97,3,385,'https://dropbox/vk/file_942399',942399,'{\"942399\": \"Meaghan Wiza\"}','1974-05-02 03:27:54','2020-01-09 14:33:03'),(98,1,118,'https://dropbox/vk/file_977799',977799,'{\"977799\": \"Dawn Price\"}','1973-03-31 10:32:48','2020-01-09 14:33:03'),(99,3,433,'https://dropbox/vk/file_61799',61799,'{\"61799\": \"Titus Kilback\"}','1990-07-02 17:40:51','2020-01-09 14:33:03'),(100,2,311,'https://dropbox/vk/file_375596',375596,'{\"375596\": \"Conner Mertz\"}','1977-07-13 12:21:04','2020-01-09 14:33:03'),(101,3,255,'https://dropbox/vk/file_692581',692581,'{\"692581\": \"Orlando Metz\"}','2003-04-03 22:30:02','2020-01-09 14:33:03'),(102,3,343,'https://dropbox/vk/file_336122',336122,'{\"336122\": \"Tre Rempel\"}','1980-03-07 05:53:46','2020-01-09 14:33:03'),(103,3,451,'https://dropbox/vk/file_602864',602864,'{\"602864\": \"Leda Quigley\"}','2016-10-08 14:16:19','2020-01-09 14:33:03'),(104,2,224,'https://dropbox/vk/file_5955',5955,'{\"5955\": \"Brain Lang\"}','1996-09-11 10:20:01','2020-01-09 14:33:03'),(105,1,265,'https://dropbox/vk/file_221182',221182,'{\"221182\": \"Meagan Nicolas\"}','1994-09-22 13:22:07','2020-01-09 14:33:03'),(106,1,152,'https://dropbox/vk/file_88045',88045,'{\"88045\": \"Erin Casper\"}','1992-09-08 11:48:53','2020-01-09 14:33:03'),(107,3,466,'https://dropbox/vk/file_776680',776680,'{\"776680\": \"Tressa Lubowitz\"}','2003-07-15 16:01:05','2020-01-09 14:33:03'),(108,3,372,'https://dropbox/vk/file_619264',619264,'{\"619264\": \"Mekhi Kuhic\"}','2005-01-16 13:45:57','2020-01-09 14:33:03'),(109,3,464,'https://dropbox/vk/file_766279',766279,'{\"766279\": \"Jesse Larson\"}','2000-10-14 01:41:03','2020-01-09 14:33:03'),(110,2,203,'https://dropbox/vk/file_973606',973606,'{\"973606\": \"Ruben Breitenberg\"}','1970-12-09 15:25:14','2020-01-09 14:33:03'),(111,3,121,'https://dropbox/vk/file_569194',569194,'{\"569194\": \"Edyth Leuschke\"}','1986-01-30 03:28:08','2020-01-09 14:33:03'),(112,3,497,'https://dropbox/vk/file_925151',925151,'{\"925151\": \"Sister Kuvalis\"}','1996-10-09 01:13:39','2020-01-09 14:33:03'),(113,2,120,'https://dropbox/vk/file_918173',918173,'{\"918173\": \"Presley Lynch\"}','1989-11-25 19:25:20','2020-01-09 14:33:03'),(114,1,107,'https://dropbox/vk/file_815412',815412,'{\"815412\": \"Lauryn Gerhold\"}','2004-10-07 01:15:35','2020-01-09 14:33:03'),(115,2,177,'https://dropbox/vk/file_322541',322541,'{\"322541\": \"Edwin Vandervort\"}','1986-03-09 06:54:21','2020-01-09 14:33:03'),(116,3,63,'https://dropbox/vk/file_166467',166467,'{\"166467\": \"Hoyt Ryan\"}','1982-12-05 10:36:25','2020-01-09 14:33:03'),(117,3,284,'https://dropbox/vk/file_864710',864710,'{\"864710\": \"Adrianna Lind\"}','2013-07-18 23:02:21','2020-01-09 14:33:03'),(118,3,231,'https://dropbox/vk/file_824153',824153,'{\"824153\": \"Maude Daugherty\"}','1972-05-14 11:59:48','2020-01-09 14:33:03'),(119,1,300,'https://dropbox/vk/file_526637',526637,'{\"526637\": \"Kristy Huel\"}','1975-11-20 14:44:25','2020-01-09 14:33:03'),(120,2,309,'https://dropbox/vk/file_160724',160724,'{\"160724\": \"Ivory Sauer\"}','1996-06-03 03:57:02','2020-01-09 14:33:03'),(121,3,146,'https://dropbox/vk/file_223706',223706,'{\"223706\": \"Elvera Paucek\"}','1979-03-28 00:52:17','2020-01-09 14:33:03'),(122,3,299,'https://dropbox/vk/file_636359',636359,'{\"636359\": \"Pearlie Ruecker\"}','2009-02-20 17:34:33','2020-01-09 14:33:03'),(123,1,57,'https://dropbox/vk/file_510680',510680,'{\"510680\": \"Mohammad Runolfsdottir\"}','1984-01-18 02:42:02','2020-01-09 14:33:03'),(124,3,390,'https://dropbox/vk/file_644321',644321,'{\"644321\": \"Earl Kuphal\"}','2013-05-17 07:29:00','2020-01-09 14:33:03'),(125,3,276,'https://dropbox/vk/file_689566',689566,'{\"689566\": \"Nettie Leuschke\"}','1980-04-20 21:50:43','2020-01-09 14:33:03'),(126,1,211,'https://dropbox/vk/file_514865',514865,'{\"514865\": \"Obie Koepp\"}','2006-09-23 02:50:57','2020-01-09 14:33:03'),(127,1,227,'https://dropbox/vk/file_505630',505630,'{\"505630\": \"Lon Stroman\"}','1987-07-12 23:19:44','2020-01-09 14:33:03'),(128,1,2,'https://dropbox/vk/file_983554',983554,'{\"983554\": \"Salma Carroll\"}','2010-12-26 18:19:00','2020-01-09 14:33:03'),(129,1,327,'https://dropbox/vk/file_400881',400881,'{\"400881\": \"Adrienne Bednar\"}','2003-05-21 20:01:05','2020-01-09 14:33:03'),(130,1,127,'https://dropbox/vk/file_53744',53744,'{\"53744\": \"Brown Runolfsdottir\"}','1978-04-06 04:20:08','2020-01-09 14:33:03'),(131,2,157,'https://dropbox/vk/file_66076',66076,'{\"66076\": \"Noemie Green\"}','2017-07-29 00:04:25','2020-01-09 14:33:03'),(132,1,402,'https://dropbox/vk/file_169146',169146,'{\"169146\": \"Amber Bogan\"}','2010-02-03 08:24:16','2020-01-09 14:33:03'),(133,1,38,'https://dropbox/vk/file_647501',647501,'{\"647501\": \"Mitchell Ratke\"}','2017-11-10 10:16:54','2020-01-09 14:33:03'),(134,3,483,'https://dropbox/vk/file_730067',730067,'{\"730067\": \"Felix Daugherty\"}','2014-10-23 15:00:02','2020-01-09 14:33:03'),(135,3,303,'https://dropbox/vk/file_707836',707836,'{\"707836\": \"Noemy Cronin\"}','2016-10-25 06:11:06','2020-01-09 14:33:03'),(136,3,65,'https://dropbox/vk/file_348978',348978,'{\"348978\": \"Myrl Runolfsson\"}','1975-09-19 14:08:11','2020-01-09 14:33:03'),(137,3,415,'https://dropbox/vk/file_621383',621383,'{\"621383\": \"Rhiannon Veum\"}','1999-07-05 18:18:41','2020-01-09 14:33:03'),(138,3,381,'https://dropbox/vk/file_59980',59980,'{\"59980\": \"Delfina Purdy\"}','1970-08-25 00:16:38','2020-01-09 14:33:03'),(139,2,157,'https://dropbox/vk/file_435747',435747,'{\"435747\": \"Noemie Green\"}','1980-11-26 06:19:46','2020-01-09 14:33:03'),(140,3,141,'https://dropbox/vk/file_998798',998798,'{\"998798\": \"Makenna Olson\"}','1989-09-25 20:20:40','2020-01-09 14:33:03'),(141,3,235,'https://dropbox/vk/file_686749',686749,'{\"686749\": \"Mya Harris\"}','1996-02-20 17:16:25','2020-01-09 14:33:03'),(142,1,250,'https://dropbox/vk/file_437352',437352,'{\"437352\": \"Tara Ryan\"}','1977-12-05 09:50:24','2020-01-09 14:33:03'),(143,1,45,'https://dropbox/vk/file_126513',126513,'{\"126513\": \"Abraham Hayes\"}','1976-08-20 09:03:10','2020-01-09 14:33:03'),(144,2,473,'https://dropbox/vk/file_320506',320506,'{\"320506\": \"Marcella Schamberger\"}','1975-02-07 02:02:11','2020-01-09 14:33:03'),(145,3,232,'https://dropbox/vk/file_222991',222991,'{\"222991\": \"Esta Barton\"}','1997-04-16 08:33:13','2020-01-09 14:33:03'),(146,3,240,'https://dropbox/vk/file_153437',153437,'{\"153437\": \"Turner Ledner\"}','1976-12-21 18:16:02','2020-01-09 14:33:03'),(147,2,3,'https://dropbox/vk/file_98211',98211,'{\"98211\": \"Aurelio Murphy\"}','1992-10-19 22:14:33','2020-01-09 14:33:03'),(148,1,295,'https://dropbox/vk/file_30745',30745,'{\"30745\": \"Leda Legros\"}','1976-04-17 02:27:09','2020-01-09 14:33:03'),(149,2,465,'https://dropbox/vk/file_859090',859090,'{\"859090\": \"Olaf Lowe\"}','2005-04-19 02:28:37','2020-01-09 14:33:03'),(150,2,438,'https://dropbox/vk/file_203217',203217,'{\"203217\": \"Avis Olson\"}','1997-02-06 03:49:40','2020-01-09 14:33:03'),(151,2,295,'https://dropbox/vk/file_438812',438812,'{\"438812\": \"Leda Legros\"}','1993-08-18 10:47:15','2020-01-09 14:33:03'),(152,2,161,'https://dropbox/vk/file_584410',584410,'{\"584410\": \"Imogene Deckow\"}','1982-12-27 06:53:49','2020-01-09 14:33:03'),(153,1,419,'https://dropbox/vk/file_605614',605614,'{\"605614\": \"Ozella Douglas\"}','1981-09-15 06:16:17','2020-01-09 14:33:03'),(154,2,111,'https://dropbox/vk/file_274842',274842,'{\"274842\": \"Micah Kautzer\"}','1974-09-28 07:05:55','2020-01-09 14:33:03'),(155,3,298,'https://dropbox/vk/file_557365',557365,'{\"557365\": \"Cleora Mohr\"}','1990-01-26 21:51:20','2020-01-09 14:33:03'),(156,3,155,'https://dropbox/vk/file_962300',962300,'{\"962300\": \"Kayden Wolf\"}','2018-02-10 15:47:19','2020-01-09 14:33:03'),(157,2,383,'https://dropbox/vk/file_139406',139406,'{\"139406\": \"Luna Boyer\"}','2017-04-02 23:45:55','2020-01-09 14:33:03'),(158,1,450,'https://dropbox/vk/file_810126',810126,'{\"810126\": \"Madalyn McDermott\"}','1980-05-12 04:58:52','2020-01-09 14:33:03'),(159,3,97,'https://dropbox/vk/file_632418',632418,'{\"632418\": \"Arnulfo Jast\"}','1988-05-02 02:20:19','2020-01-09 14:33:03'),(160,2,138,'https://dropbox/vk/file_731709',731709,'{\"731709\": \"Chase Kautzer\"}','1989-02-17 13:42:33','2020-01-09 14:33:03'),(161,2,396,'https://dropbox/vk/file_761293',761293,'{\"761293\": \"Adrianna Krajcik\"}','2004-06-09 23:32:58','2020-01-09 14:33:03'),(162,2,66,'https://dropbox/vk/file_611337',611337,'{\"611337\": \"Casper Thompson\"}','2018-02-23 14:34:10','2020-01-09 14:33:03'),(163,3,143,'https://dropbox/vk/file_772807',772807,'{\"772807\": \"Shanel Mayer\"}','1999-08-14 03:42:07','2020-01-09 14:33:03'),(164,2,15,'https://dropbox/vk/file_30023',30023,'{\"30023\": \"Jaime Crooks\"}','2013-01-12 22:38:44','2020-01-09 14:33:03'),(165,3,147,'https://dropbox/vk/file_831694',831694,'{\"831694\": \"Ed Volkman\"}','2006-11-10 18:25:34','2020-01-09 14:33:03'),(166,3,190,'https://dropbox/vk/file_68403',68403,'{\"68403\": \"Antoinette Johnston\"}','2013-09-29 19:27:04','2020-01-09 14:33:03'),(167,3,8,'https://dropbox/vk/file_846928',846928,'{\"846928\": \"Watson Gutkowski\"}','2014-07-15 15:15:20','2020-01-09 14:33:03'),(168,2,470,'https://dropbox/vk/file_29436',29436,'{\"29436\": \"Cornell Berge\"}','1985-05-09 02:01:11','2020-01-09 14:33:03'),(169,3,326,'https://dropbox/vk/file_606392',606392,'{\"606392\": \"Danial Weimann\"}','1977-07-14 10:03:18','2020-01-09 14:33:03'),(170,3,217,'https://dropbox/vk/file_943654',943654,'{\"943654\": \"Liana Moore\"}','2005-01-09 03:49:30','2020-01-09 14:33:03'),(171,3,109,'https://dropbox/vk/file_899097',899097,'{\"899097\": \"Alan Mayer\"}','1984-09-18 04:04:30','2020-01-09 14:33:03'),(172,2,394,'https://dropbox/vk/file_664524',664524,'{\"664524\": \"Linda Fahey\"}','1971-10-19 06:38:42','2020-01-09 14:33:03'),(173,1,140,'https://dropbox/vk/file_625327',625327,'{\"625327\": \"Griffin Hudson\"}','1972-01-30 11:03:10','2020-01-09 14:33:03'),(174,2,17,'https://dropbox/vk/file_133065',133065,'{\"133065\": \"Bart Hermann\"}','1970-09-10 20:25:21','2020-01-09 14:33:03'),(175,1,166,'https://dropbox/vk/file_789340',789340,'{\"789340\": \"Hassan Purdy\"}','2003-05-12 15:38:51','2020-01-09 14:33:03'),(176,3,279,'https://dropbox/vk/file_547508',547508,'{\"547508\": \"Minnie McClure\"}','1980-06-04 07:15:05','2020-01-09 14:33:03'),(177,3,394,'https://dropbox/vk/file_369521',369521,'{\"369521\": \"Linda Fahey\"}','2017-12-12 03:52:57','2020-01-09 14:33:03'),(178,3,136,'https://dropbox/vk/file_205079',205079,'{\"205079\": \"Domenick Carter\"}','1992-10-04 02:40:54','2020-01-09 14:33:03'),(179,3,495,'https://dropbox/vk/file_916832',916832,'{\"916832\": \"Frieda Haag\"}','1992-02-11 18:28:46','2020-01-09 14:33:03'),(180,1,66,'https://dropbox/vk/file_968924',968924,'{\"968924\": \"Casper Thompson\"}','2001-10-04 06:40:22','2020-01-09 14:33:03'),(181,3,344,'https://dropbox/vk/file_94124',94124,'{\"94124\": \"Juana Heller\"}','2000-08-20 00:05:06','2020-01-09 14:33:03'),(182,1,24,'https://dropbox/vk/file_563847',563847,'{\"563847\": \"Kaitlyn Gaylord\"}','1989-12-15 19:40:51','2020-01-09 14:33:03'),(183,3,88,'https://dropbox/vk/file_536863',536863,'{\"536863\": \"Beth Beier\"}','2009-09-24 18:18:35','2020-01-09 14:33:03'),(184,2,367,'https://dropbox/vk/file_992776',992776,'{\"992776\": \"Bert Towne\"}','1992-08-22 06:59:56','2020-01-09 14:33:03'),(185,2,72,'https://dropbox/vk/file_353291',353291,'{\"353291\": \"Vicenta Prohaska\"}','2014-09-27 04:21:32','2020-01-09 14:33:03'),(186,1,255,'https://dropbox/vk/file_788125',788125,'{\"788125\": \"Orlando Metz\"}','1985-08-02 23:16:16','2020-01-09 14:33:03'),(187,3,61,'https://dropbox/vk/file_880752',880752,'{\"880752\": \"Daryl Nitzsche\"}','2011-04-19 10:19:17','2020-01-09 14:33:03'),(188,3,37,'https://dropbox/vk/file_39388',39388,'{\"39388\": \"Lelah Padberg\"}','1976-10-02 12:08:41','2020-01-09 14:33:03'),(189,2,4,'https://dropbox/vk/file_554680',554680,'{\"554680\": \"Jordon Watsica\"}','1996-08-30 13:10:47','2020-01-09 14:33:03'),(190,1,407,'https://dropbox/vk/file_655238',655238,'{\"655238\": \"Harley Cassin\"}','2006-06-18 02:48:46','2020-01-09 14:33:03'),(191,2,22,'https://dropbox/vk/file_612151',612151,'{\"612151\": \"Amelia Moen\"}','1976-10-06 20:12:52','2020-01-09 14:33:03'),(192,1,391,'https://dropbox/vk/file_95039',95039,'{\"95039\": \"Sibyl Stoltenberg\"}','2002-09-27 23:21:57','2020-01-09 14:33:03'),(193,2,386,'https://dropbox/vk/file_638742',638742,'{\"638742\": \"Casper Bahringer\"}','1993-05-03 01:12:15','2020-01-09 14:33:03'),(194,2,258,'https://dropbox/vk/file_908593',908593,'{\"908593\": \"Christ Kshlerin\"}','1981-06-24 11:40:28','2020-01-09 14:33:03'),(195,2,129,'https://dropbox/vk/file_626743',626743,'{\"626743\": \"Florine Kertzmann\"}','1992-02-22 21:21:54','2020-01-09 14:33:03'),(196,1,373,'https://dropbox/vk/file_407935',407935,'{\"407935\": \"Jason Breitenberg\"}','2000-03-02 13:42:09','2020-01-09 14:33:03'),(197,1,476,'https://dropbox/vk/file_159446',159446,'{\"159446\": \"Sasha Metz\"}','2007-04-03 21:53:50','2020-01-09 14:33:03'),(198,1,259,'https://dropbox/vk/file_573422',573422,'{\"573422\": \"Christine Grant\"}','1971-04-05 10:40:45','2020-01-09 14:33:03'),(199,3,369,'https://dropbox/vk/file_388775',388775,'{\"388775\": \"Rosamond Conroy\"}','1987-03-10 09:14:30','2020-01-09 14:33:03'),(200,2,66,'https://dropbox/vk/file_223608',223608,'{\"223608\": \"Casper Thompson\"}','1987-02-23 15:53:16','2020-01-09 14:33:03'),(201,1,221,'https://dropbox/vk/file_951716',951716,'{\"951716\": \"Marie Zulauf\"}','1987-06-11 20:21:32','2020-01-09 14:33:03'),(202,1,410,'https://dropbox/vk/file_87756',87756,'{\"87756\": \"Jalyn Crona\"}','2006-06-03 03:18:52','2020-01-09 14:33:03'),(203,1,384,'https://dropbox/vk/file_583629',583629,'{\"583629\": \"Pansy Buckridge\"}','2004-10-01 12:20:00','2020-01-09 14:33:03'),(204,3,188,'https://dropbox/vk/file_654880',654880,'{\"654880\": \"Andrew Schroeder\"}','1998-06-20 22:07:25','2020-01-09 14:33:03'),(205,3,291,'https://dropbox/vk/file_523513',523513,'{\"523513\": \"Tiara Terry\"}','2010-09-18 15:53:39','2020-01-09 14:33:03'),(206,1,389,'https://dropbox/vk/file_652925',652925,'{\"652925\": \"Tanner Kessler\"}','2007-01-11 22:21:54','2020-01-09 14:33:03'),(207,3,73,'https://dropbox/vk/file_694085',694085,'{\"694085\": \"Kaylie Crist\"}','2018-03-03 05:26:39','2020-01-09 14:33:03'),(208,2,197,'https://dropbox/vk/file_511650',511650,'{\"511650\": \"Libbie Schneider\"}','2006-10-25 20:29:35','2020-01-09 14:33:03'),(209,1,266,'https://dropbox/vk/file_475997',475997,'{\"475997\": \"Coy Nikolaus\"}','2000-12-28 15:05:42','2020-01-09 14:33:03'),(210,1,239,'https://dropbox/vk/file_845033',845033,'{\"845033\": \"Sarah Ziemann\"}','2013-03-22 22:38:18','2020-01-09 14:33:03'),(211,2,394,'https://dropbox/vk/file_797174',797174,'{\"797174\": \"Linda Fahey\"}','1997-07-17 04:09:23','2020-01-09 14:33:03'),(212,3,254,'https://dropbox/vk/file_450774',450774,'{\"450774\": \"Jude Ritchie\"}','2005-09-17 14:07:12','2020-01-09 14:33:03'),(213,2,88,'https://dropbox/vk/file_862347',862347,'{\"862347\": \"Beth Beier\"}','1993-11-13 18:29:22','2020-01-09 14:33:03'),(214,1,178,'https://dropbox/vk/file_959415',959415,'{\"959415\": \"Adan Hammes\"}','1986-07-05 11:53:20','2020-01-09 14:33:03'),(215,2,127,'https://dropbox/vk/file_210034',210034,'{\"210034\": \"Brown Runolfsdottir\"}','1986-06-11 05:49:23','2020-01-09 14:33:03'),(216,1,98,'https://dropbox/vk/file_171922',171922,'{\"171922\": \"Ardella Stokes\"}','1992-08-08 21:03:07','2020-01-09 14:33:03'),(217,3,110,'https://dropbox/vk/file_229509',229509,'{\"229509\": \"Godfrey Dibbert\"}','1970-03-26 18:15:04','2020-01-09 14:33:03'),(218,3,255,'https://dropbox/vk/file_631780',631780,'{\"631780\": \"Orlando Metz\"}','1986-12-05 00:29:37','2020-01-09 14:33:03'),(219,2,444,'https://dropbox/vk/file_470373',470373,'{\"470373\": \"Amya Halvorson\"}','2015-09-29 16:20:53','2020-01-09 14:33:03'),(220,3,455,'https://dropbox/vk/file_456523',456523,'{\"456523\": \"Aryanna Altenwerth\"}','2016-05-29 22:08:10','2020-01-09 14:33:03'),(221,1,441,'https://dropbox/vk/file_871498',871498,'{\"871498\": \"Ford Upton\"}','2016-01-18 19:10:54','2020-01-09 14:33:03'),(222,1,338,'https://dropbox/vk/file_987923',987923,'{\"987923\": \"Jeffry Herman\"}','2017-05-19 16:01:05','2020-01-09 14:33:03'),(223,3,370,'https://dropbox/vk/file_325120',325120,'{\"325120\": \"Joshua Gibson\"}','1988-06-17 15:55:08','2020-01-09 14:33:03'),(224,1,336,'https://dropbox/vk/file_661830',661830,'{\"661830\": \"Sylvan Bradtke\"}','1986-12-24 12:08:06','2020-01-09 14:33:03'),(225,2,67,'https://dropbox/vk/file_333793',333793,'{\"333793\": \"Derrick Brakus\"}','2004-06-11 13:55:27','2020-01-09 14:33:03'),(226,1,329,'https://dropbox/vk/file_683474',683474,'{\"683474\": \"Trent Mante\"}','2006-11-25 09:43:58','2020-01-09 14:33:03'),(227,3,444,'https://dropbox/vk/file_415990',415990,'{\"415990\": \"Amya Halvorson\"}','1987-12-19 15:11:58','2020-01-09 14:33:03'),(228,2,233,'https://dropbox/vk/file_29528',29528,'{\"29528\": \"Thad Boyle\"}','2007-09-27 19:13:53','2020-01-09 14:33:03'),(229,1,333,'https://dropbox/vk/file_899667',899667,'{\"899667\": \"Dillan Botsford\"}','2008-02-10 18:58:20','2020-01-09 14:33:03'),(230,2,466,'https://dropbox/vk/file_409754',409754,'{\"409754\": \"Tressa Lubowitz\"}','1981-07-03 01:52:45','2020-01-09 14:33:03'),(231,1,328,'https://dropbox/vk/file_349767',349767,'{\"349767\": \"Birdie Hoppe\"}','2000-08-16 09:09:26','2020-01-09 14:33:03'),(232,3,241,'https://dropbox/vk/file_519572',519572,'{\"519572\": \"Marina Marvin\"}','2019-03-23 09:43:05','2020-01-09 14:33:03'),(233,2,221,'https://dropbox/vk/file_548559',548559,'{\"548559\": \"Marie Zulauf\"}','1980-12-10 15:09:51','2020-01-09 14:33:03'),(234,3,383,'https://dropbox/vk/file_184082',184082,'{\"184082\": \"Luna Boyer\"}','2008-09-18 09:29:24','2020-01-09 14:33:03'),(235,2,252,'https://dropbox/vk/file_274729',274729,'{\"274729\": \"Anne Schroeder\"}','2008-02-27 02:13:19','2020-01-09 14:33:03'),(236,2,107,'https://dropbox/vk/file_821401',821401,'{\"821401\": \"Lauryn Gerhold\"}','1988-09-11 17:06:02','2020-01-09 14:33:03'),(237,3,282,'https://dropbox/vk/file_282819',282819,'{\"282819\": \"Carley Dibbert\"}','2001-12-14 01:20:09','2020-01-09 14:33:03'),(238,3,89,'https://dropbox/vk/file_949888',949888,'{\"949888\": \"Darby Beier\"}','2009-01-19 17:56:33','2020-01-09 14:33:03'),(239,2,96,'https://dropbox/vk/file_900989',900989,'{\"900989\": \"Silas Franecki\"}','1974-08-05 05:38:48','2020-01-09 14:33:03'),(240,2,213,'https://dropbox/vk/file_655280',655280,'{\"655280\": \"Araceli Kihn\"}','1987-08-02 11:14:29','2020-01-09 14:33:03'),(241,2,277,'https://dropbox/vk/file_573432',573432,'{\"573432\": \"Chester Macejkovic\"}','1996-10-06 14:01:01','2020-01-09 14:33:03'),(242,3,244,'https://dropbox/vk/file_901319',901319,'{\"901319\": \"Katelyn Runte\"}','1979-08-10 10:03:19','2020-01-09 14:33:03'),(243,1,388,'https://dropbox/vk/file_786301',786301,'{\"786301\": \"Marcus Feest\"}','2011-11-05 09:34:57','2020-01-09 14:33:03'),(244,3,207,'https://dropbox/vk/file_227548',227548,'{\"227548\": \"Jada Keebler\"}','1994-12-26 02:11:19','2020-01-09 14:33:03'),(245,2,369,'https://dropbox/vk/file_778837',778837,'{\"778837\": \"Rosamond Conroy\"}','2005-10-21 19:37:26','2020-01-09 14:33:03'),(246,3,227,'https://dropbox/vk/file_211541',211541,'{\"211541\": \"Lon Stroman\"}','1993-12-09 09:07:09','2020-01-09 14:33:03'),(247,3,27,'https://dropbox/vk/file_721193',721193,'{\"721193\": \"Lenore Morissette\"}','1996-04-16 16:10:32','2020-01-09 14:33:03'),(248,1,453,'https://dropbox/vk/file_971345',971345,'{\"971345\": \"Erich Heathcote\"}','1992-12-04 12:33:05','2020-01-09 14:33:03'),(249,1,182,'https://dropbox/vk/file_693147',693147,'{\"693147\": \"Vernie Toy\"}','2001-09-08 02:16:48','2020-01-09 14:33:03'),(250,2,53,'https://dropbox/vk/file_551699',551699,'{\"551699\": \"Amiya Daniel\"}','1986-10-12 08:00:17','2020-01-09 14:33:03'),(251,1,218,'https://dropbox/vk/file_679053',679053,'{\"679053\": \"Sadye Kerluke\"}','1977-06-12 03:05:40','2020-01-09 14:33:03'),(252,1,432,'https://dropbox/vk/file_740171',740171,'{\"740171\": \"Dawn Lindgren\"}','1973-11-19 11:06:41','2020-01-09 14:33:03'),(253,2,5,'https://dropbox/vk/file_663694',663694,'{\"663694\": \"Ines Gerhold\"}','1990-03-09 20:39:04','2020-01-09 14:33:03'),(254,1,226,'https://dropbox/vk/file_97958',97958,'{\"97958\": \"Garland Huels\"}','2009-12-26 15:24:09','2020-01-09 14:33:03'),(255,1,117,'https://dropbox/vk/file_498704',498704,'{\"498704\": \"Hulda Adams\"}','2001-01-09 09:09:41','2020-01-09 14:33:03'),(256,1,407,'https://dropbox/vk/file_199650',199650,'{\"199650\": \"Harley Cassin\"}','2007-11-16 17:25:29','2020-01-09 14:33:03'),(257,2,184,'https://dropbox/vk/file_502137',502137,'{\"502137\": \"Nona Konopelski\"}','2011-10-24 22:50:19','2020-01-09 14:33:03'),(258,3,199,'https://dropbox/vk/file_911736',911736,'{\"911736\": \"Rosalinda Langworth\"}','1995-07-12 01:57:56','2020-01-09 14:33:03'),(259,3,441,'https://dropbox/vk/file_52269',52269,'{\"52269\": \"Ford Upton\"}','2011-12-27 08:31:35','2020-01-09 14:33:03'),(260,3,108,'https://dropbox/vk/file_526133',526133,'{\"526133\": \"Max Volkman\"}','1988-01-31 18:07:19','2020-01-09 14:33:03'),(261,3,216,'https://dropbox/vk/file_473859',473859,'{\"473859\": \"Amira Hammes\"}','1977-11-03 15:38:27','2020-01-09 14:33:03'),(262,3,255,'https://dropbox/vk/file_790895',790895,'{\"790895\": \"Orlando Metz\"}','2000-07-24 17:59:27','2020-01-09 14:33:03'),(263,2,128,'https://dropbox/vk/file_532902',532902,'{\"532902\": \"Alessandra Will\"}','1997-06-15 15:35:15','2020-01-09 14:33:03'),(264,3,374,'https://dropbox/vk/file_291825',291825,'{\"291825\": \"Dell Jones\"}','1977-11-23 13:05:17','2020-01-09 14:33:03'),(265,1,485,'https://dropbox/vk/file_860415',860415,'{\"860415\": \"Aliza Hand\"}','1975-12-27 05:28:47','2020-01-09 14:33:03'),(266,3,302,'https://dropbox/vk/file_426606',426606,'{\"426606\": \"Oren Bartell\"}','1994-12-22 05:45:05','2020-01-09 14:33:03'),(267,3,53,'https://dropbox/vk/file_551781',551781,'{\"551781\": \"Amiya Daniel\"}','2011-02-22 21:43:53','2020-01-09 14:33:03'),(268,1,361,'https://dropbox/vk/file_479087',479087,'{\"479087\": \"Roman Bayer\"}','2019-12-25 04:26:52','2020-01-09 14:33:03'),(269,1,144,'https://dropbox/vk/file_740092',740092,'{\"740092\": \"Rene Boyer\"}','1984-01-03 19:04:40','2020-01-09 14:33:03'),(270,2,137,'https://dropbox/vk/file_263199',263199,'{\"263199\": \"Jaylan Langosh\"}','1979-02-25 17:45:44','2020-01-09 14:33:03'),(271,1,252,'https://dropbox/vk/file_95718',95718,'{\"95718\": \"Anne Schroeder\"}','2000-12-26 06:21:17','2020-01-09 14:33:03'),(272,2,349,'https://dropbox/vk/file_688993',688993,'{\"688993\": \"Fidel Koepp\"}','1992-03-22 11:09:09','2020-01-09 14:33:03'),(273,1,488,'https://dropbox/vk/file_157812',157812,'{\"157812\": \"Helene McKenzie\"}','1984-07-11 18:49:13','2020-01-09 14:33:03'),(274,3,392,'https://dropbox/vk/file_722080',722080,'{\"722080\": \"Sanford Hagenes\"}','1983-01-10 03:19:02','2020-01-09 14:33:03'),(275,2,497,'https://dropbox/vk/file_136967',136967,'{\"136967\": \"Sister Kuvalis\"}','2007-02-08 06:20:33','2020-01-09 14:33:03'),(276,1,308,'https://dropbox/vk/file_518591',518591,'{\"518591\": \"Vaughn Shields\"}','2000-05-30 19:01:57','2020-01-09 14:33:03'),(277,3,48,'https://dropbox/vk/file_182054',182054,'{\"182054\": \"Dominique Bartoletti\"}','2008-12-15 09:39:53','2020-01-09 14:33:03'),(278,3,315,'https://dropbox/vk/file_354498',354498,'{\"354498\": \"Jeff Waters\"}','2010-10-02 01:57:21','2020-01-09 14:33:03'),(279,2,431,'https://dropbox/vk/file_226326',226326,'{\"226326\": \"Lexie Schamberger\"}','2008-11-03 22:39:31','2020-01-09 14:33:03'),(280,3,212,'https://dropbox/vk/file_68137',68137,'{\"68137\": \"Dayne Pagac\"}','2010-10-17 17:34:23','2020-01-09 14:33:03'),(281,2,263,'https://dropbox/vk/file_661705',661705,'{\"661705\": \"Granville Mraz\"}','2016-05-21 09:47:23','2020-01-09 14:33:03'),(282,3,181,'https://dropbox/vk/file_104117',104117,'{\"104117\": \"Alanna Ebert\"}','1994-12-14 05:39:37','2020-01-09 14:33:03'),(283,3,114,'https://dropbox/vk/file_535467',535467,'{\"535467\": \"Rubie Stroman\"}','2010-03-11 06:12:46','2020-01-09 14:33:03'),(284,1,28,'https://dropbox/vk/file_364985',364985,'{\"364985\": \"Bradford Rodriguez\"}','2000-10-30 03:01:08','2020-01-09 14:33:03'),(285,3,295,'https://dropbox/vk/file_218523',218523,'{\"218523\": \"Leda Legros\"}','1999-05-23 15:13:10','2020-01-09 14:33:03'),(286,2,391,'https://dropbox/vk/file_997658',997658,'{\"997658\": \"Sibyl Stoltenberg\"}','1972-11-04 22:41:51','2020-01-09 14:33:03'),(287,3,71,'https://dropbox/vk/file_332727',332727,'{\"332727\": \"Susie Ledner\"}','1999-06-27 01:33:24','2020-01-09 14:33:03'),(288,3,182,'https://dropbox/vk/file_670659',670659,'{\"670659\": \"Vernie Toy\"}','1986-08-29 19:11:10','2020-01-09 14:33:03'),(289,2,197,'https://dropbox/vk/file_355113',355113,'{\"355113\": \"Libbie Schneider\"}','2011-03-04 21:05:55','2020-01-09 14:33:03'),(290,3,436,'https://dropbox/vk/file_763589',763589,'{\"763589\": \"Kaitlin Toy\"}','1982-12-30 21:14:40','2020-01-09 14:33:03'),(291,3,88,'https://dropbox/vk/file_752605',752605,'{\"752605\": \"Beth Beier\"}','1971-05-19 19:20:28','2020-01-09 14:33:03'),(292,3,133,'https://dropbox/vk/file_472259',472259,'{\"472259\": \"Johnny McLaughlin\"}','1997-11-19 02:11:24','2020-01-09 14:33:03'),(293,1,398,'https://dropbox/vk/file_103480',103480,'{\"103480\": \"Eleazar Boyer\"}','2000-06-10 21:39:00','2020-01-09 14:33:03'),(294,2,93,'https://dropbox/vk/file_100623',100623,'{\"100623\": \"Jules Larson\"}','1970-10-20 13:58:03','2020-01-09 14:33:03'),(295,3,268,'https://dropbox/vk/file_192675',192675,'{\"192675\": \"Idell Adams\"}','1999-02-28 01:00:39','2020-01-09 14:33:03'),(296,1,61,'https://dropbox/vk/file_661504',661504,'{\"661504\": \"Daryl Nitzsche\"}','1998-03-30 22:26:25','2020-01-09 14:33:03'),(297,1,2,'https://dropbox/vk/file_729498',729498,'{\"729498\": \"Salma Carroll\"}','2019-08-17 05:47:56','2020-01-09 14:33:03'),(298,1,327,'https://dropbox/vk/file_662977',662977,'{\"662977\": \"Adrienne Bednar\"}','1996-03-16 00:11:49','2020-01-09 14:33:03'),(299,1,127,'https://dropbox/vk/file_126394',126394,'{\"126394\": \"Brown Runolfsdottir\"}','2005-11-19 21:25:31','2020-01-09 14:33:03'),(300,2,155,'https://dropbox/vk/file_643033',643033,'{\"643033\": \"Kayden Wolf\"}','2016-09-27 05:46:22','2020-01-09 14:33:03');
/*!40000 ALTER TABLE `media` ENABLE KEYS */;
UNLOCK TABLES;

--
-- Table structure for table `media_types`
--

DROP TABLE IF EXISTS `media_types`;
/*!40101 SET @saved_cs_client     = @@character_set_client */;
/*!50503 SET character_set_client = utf8mb4 */;
CREATE TABLE `media_types` (
  `id` int(10) unsigned NOT NULL AUTO_INCREMENT,
  `name` varchar(255) CHARACTER SET utf8 COLLATE utf8_unicode_ci NOT NULL,
  PRIMARY KEY (`id`),
  UNIQUE KEY `name` (`name`)
) ENGINE=InnoDB AUTO_INCREMENT=4 DEFAULT CHARSET=utf8 COLLATE=utf8_unicode_ci;
/*!40101 SET character_set_client = @saved_cs_client */;

--
-- Dumping data for table `media_types`
--

LOCK TABLES `media_types` WRITE;
/*!40000 ALTER TABLE `media_types` DISABLE KEYS */;
INSERT INTO `media_types` VALUES (3,'audio'),(1,'photo'),(2,'video');
/*!40000 ALTER TABLE `media_types` ENABLE KEYS */;
UNLOCK TABLES;

--
-- Table structure for table `meetings`
--

DROP TABLE IF EXISTS `meetings`;
/*!40101 SET @saved_cs_client     = @@character_set_client */;
/*!50503 SET character_set_client = utf8mb4 */;
CREATE TABLE `meetings` (
  `id` int(10) unsigned NOT NULL AUTO_INCREMENT,
  `name` varchar(150) CHARACTER SET utf8 COLLATE utf8_unicode_ci NOT NULL,
  `scheduled_at` datetime DEFAULT NULL,
  PRIMARY KEY (`id`),
  UNIQUE KEY `name` (`name`)
) ENGINE=InnoDB AUTO_INCREMENT=31 DEFAULT CHARSET=utf8 COLLATE=utf8_unicode_ci;
/*!40101 SET character_set_client = @saved_cs_client */;

--
-- Dumping data for table `meetings`
--

LOCK TABLES `meetings` WRITE;
/*!40000 ALTER TABLE `meetings` DISABLE KEYS */;
INSERT INTO `meetings` VALUES (1,'exercitationem','2037-07-31 13:35:23'),(2,'numquam','2024-12-27 02:28:36'),(3,'aperiam','2013-08-11 15:44:58'),(4,'quidem','2011-08-04 09:51:22'),(5,'rem','2032-02-28 19:06:55'),(6,'eos','2001-04-29 18:59:54'),(7,'voluptatibus','2001-07-15 03:05:54'),(8,'perspiciatis','2004-02-09 22:11:21'),(9,'nihil','2031-04-14 19:45:27'),(10,'quos','2012-04-06 03:41:07'),(11,'ut','2010-01-19 18:01:23'),(12,'incidunt','2032-05-25 19:02:46'),(13,'dolores','2006-09-14 10:44:19'),(14,'qui','2002-07-28 13:43:11'),(15,'quaerat','2012-11-21 04:12:17'),(16,'eligendi','2007-05-31 16:26:40'),(17,'rerum','2004-08-14 11:59:12'),(18,'vel','2012-05-01 04:17:27'),(19,'saepe','2018-02-24 14:57:57'),(20,'quia','2008-03-15 10:56:35'),(21,'magni','2018-07-06 17:42:57'),(22,'enim','2027-06-19 21:54:36'),(23,'non','2025-01-18 20:14:54'),(24,'vitae','2008-12-21 03:47:38'),(25,'est','2034-12-14 22:25:03'),(26,'velit','2015-06-17 04:37:09'),(27,'sequi','2001-07-17 18:54:32'),(28,'libero','2006-09-29 07:08:00'),(29,'debitis','2029-10-24 10:48:25'),(30,'eum','2014-01-17 21:26:19');
/*!40000 ALTER TABLE `meetings` ENABLE KEYS */;
UNLOCK TABLES;

--
-- Table structure for table `meetings_users`
--

DROP TABLE IF EXISTS `meetings_users`;
/*!40101 SET @saved_cs_client     = @@character_set_client */;
/*!50503 SET character_set_client = utf8mb4 */;
CREATE TABLE `meetings_users` (
  `meeting_id` int(10) unsigned NOT NULL,
  `user_id` int(10) unsigned NOT NULL,
  `created_at` datetime DEFAULT CURRENT_TIMESTAMP,
  PRIMARY KEY (`user_id`,`meeting_id`),
  KEY `meetings_users_meetings_id_fk` (`meeting_id`),
  CONSTRAINT `meetings_users_meetings_id_fk` FOREIGN KEY (`meeting_id`) REFERENCES `meetings` (`id`) ON DELETE CASCADE,
  CONSTRAINT `meetings_users_user_id_fk` FOREIGN KEY (`user_id`) REFERENCES `users` (`id`) ON DELETE CASCADE
) ENGINE=InnoDB DEFAULT CHARSET=utf8mb4 COLLATE=utf8mb4_0900_ai_ci;
/*!40101 SET character_set_client = @saved_cs_client */;

--
-- Dumping data for table `meetings_users`
--

LOCK TABLES `meetings_users` WRITE;
/*!40000 ALTER TABLE `meetings_users` DISABLE KEYS */;
INSERT INTO `meetings_users` VALUES (27,17,'2020-01-18 19:17:23'),(18,23,'2020-01-18 19:17:23'),(26,24,'2020-01-18 19:17:23'),(3,30,'2020-01-18 19:17:23'),(3,35,'2020-01-18 19:17:23'),(6,39,'2020-01-18 19:17:23'),(27,46,'2020-01-18 19:17:23'),(21,52,'2020-01-18 19:17:23'),(12,57,'2020-01-18 19:17:23'),(2,60,'2020-01-18 19:17:23'),(16,67,'2020-01-18 19:17:23'),(25,79,'2020-01-18 19:17:23'),(17,81,'2020-01-18 19:17:23'),(27,92,'2020-01-18 19:17:23'),(14,94,'2020-01-18 19:17:23'),(7,102,'2020-01-18 19:17:23'),(21,103,'2020-01-18 19:17:23'),(13,107,'2020-01-18 19:17:23'),(14,115,'2020-01-18 19:17:23'),(19,122,'2020-01-18 19:17:23'),(8,126,'2020-01-18 19:17:23'),(2,128,'2020-01-18 19:17:23'),(13,133,'2020-01-18 19:17:23'),(4,134,'2020-01-18 19:17:23'),(22,134,'2020-01-18 19:17:23'),(19,139,'2020-01-18 19:17:23'),(14,142,'2020-01-18 19:17:23'),(9,145,'2020-01-18 19:17:23'),(20,145,'2020-01-18 19:17:23'),(21,146,'2020-01-18 19:17:23'),(11,151,'2020-01-18 19:17:23'),(15,164,'2020-01-18 19:17:23'),(5,177,'2020-01-18 19:17:23'),(26,178,'2020-01-18 19:17:23'),(2,181,'2020-01-18 19:17:23'),(20,186,'2020-01-18 19:17:23'),(6,190,'2020-01-18 19:17:23'),(25,192,'2020-01-18 19:17:23'),(12,194,'2020-01-18 19:17:23'),(3,200,'2020-01-18 19:17:23'),(22,205,'2020-01-18 19:17:23'),(2,207,'2020-01-18 19:17:23'),(25,216,'2020-01-18 19:17:23'),(13,222,'2020-01-18 19:17:23'),(29,227,'2020-01-18 19:17:23'),(24,228,'2020-01-18 19:17:23'),(27,229,'2020-01-18 19:17:23'),(27,231,'2020-01-18 19:17:23'),(4,234,'2020-01-18 19:17:23'),(13,235,'2020-01-18 19:17:23'),(25,240,'2020-01-18 19:17:23'),(1,244,'2020-01-18 19:17:23'),(27,248,'2020-01-18 19:17:23'),(28,254,'2020-01-18 19:17:23'),(4,256,'2020-01-18 19:17:23'),(28,258,'2020-01-18 19:17:23'),(30,259,'2020-01-18 19:17:23'),(7,269,'2020-01-18 19:17:23'),(14,272,'2020-01-18 19:17:23'),(29,288,'2020-01-18 19:17:23'),(15,293,'2020-01-18 19:17:23'),(2,296,'2020-01-18 19:17:23'),(7,301,'2020-01-18 19:17:23'),(3,304,'2020-01-18 19:17:23'),(25,306,'2020-01-18 19:17:23'),(11,310,'2020-01-18 19:17:23'),(12,313,'2020-01-18 19:17:23'),(26,314,'2020-01-18 19:17:23'),(26,315,'2020-01-18 19:17:23'),(24,319,'2020-01-18 19:17:23'),(2,321,'2020-01-18 19:17:23'),(3,324,'2020-01-18 19:17:23'),(24,324,'2020-01-18 19:17:23'),(26,342,'2020-01-18 19:17:23'),(16,343,'2020-01-18 19:17:23'),(4,344,'2020-01-18 19:17:23'),(24,344,'2020-01-18 19:17:23'),(11,375,'2020-01-18 19:17:23'),(9,393,'2020-01-18 19:17:23'),(29,401,'2020-01-18 19:17:23'),(21,409,'2020-01-18 19:17:23'),(13,410,'2020-01-18 19:17:23'),(17,414,'2020-01-18 19:17:23'),(21,422,'2020-01-18 19:17:23'),(16,423,'2020-01-18 19:17:23'),(20,439,'2020-01-18 19:17:23'),(14,440,'2020-01-18 19:17:23'),(16,440,'2020-01-18 19:17:23'),(3,456,'2020-01-18 19:17:23'),(1,458,'2020-01-18 19:17:23'),(6,464,'2020-01-18 19:17:23'),(11,471,'2020-01-18 19:17:23'),(14,473,'2020-01-18 19:17:23'),(30,482,'2020-01-18 19:17:23'),(11,484,'2020-01-18 19:17:23'),(13,486,'2020-01-18 19:17:23'),(6,490,'2020-01-18 19:17:23'),(18,493,'2020-01-18 19:17:23'),(25,493,'2020-01-18 19:17:23'),(29,495,'2020-01-18 19:17:23');
/*!40000 ALTER TABLE `meetings_users` ENABLE KEYS */;
UNLOCK TABLES;

--
-- Table structure for table `messages`
--

DROP TABLE IF EXISTS `messages`;
/*!40101 SET @saved_cs_client     = @@character_set_client */;
/*!50503 SET character_set_client = utf8mb4 */;
CREATE TABLE `messages` (
  `id` int(10) unsigned NOT NULL AUTO_INCREMENT,
  `from_user_id` int(10) unsigned NOT NULL,
  `to_user_id` int(10) unsigned NOT NULL,
  `body` text CHARACTER SET utf8 COLLATE utf8_unicode_ci NOT NULL,
  `is_important` tinyint(1) DEFAULT NULL,
  `is_delivered` tinyint(1) DEFAULT NULL,
  `created_at` datetime DEFAULT CURRENT_TIMESTAMP,
  PRIMARY KEY (`id`),
  KEY `messages_from_user_id_fk` (`from_user_id`),
  KEY `messages_to_user_id_fk` (`to_user_id`),
  CONSTRAINT `messages_from_user_id_fk` FOREIGN KEY (`from_user_id`) REFERENCES `users` (`id`),
  CONSTRAINT `messages_to_user_id_fk` FOREIGN KEY (`to_user_id`) REFERENCES `users` (`id`)
) ENGINE=InnoDB AUTO_INCREMENT=501 DEFAULT CHARSET=utf8 COLLATE=utf8_unicode_ci;
/*!40101 SET character_set_client = @saved_cs_client */;

--
-- Dumping data for table `messages`
--

LOCK TABLES `messages` WRITE;
/*!40000 ALTER TABLE `messages` DISABLE KEYS */;
INSERT INTO `messages` VALUES (1,110,100,'Omnis facere voluptatem laboriosam voluptas ratione atque. Sequi molestiae aliquid commodi ipsa tenetur. Sunt deleniti neque alias voluptatem. Voluptas consequatur voluptatem est asperiores quis.',0,1,'2007-12-02 07:23:47'),(2,170,48,'Repellat cum ea modi ex cum dolor tempore. Necessitatibus quod sequi quae saepe. Aliquid fugit distinctio omnis et nihil et aut. Eos iusto hic et voluptatibus debitis eos magni.',1,0,'2019-08-27 02:14:59'),(3,231,11,'Magnam cumque et saepe aperiam quia excepturi. Omnis doloribus quia doloribus enim provident qui. Nulla velit labore qui voluptatum veniam est.',1,1,'1988-05-14 16:30:51'),(4,363,278,'Ullam ipsa est est vitae voluptas impedit dolore. Et sunt aliquam deleniti veniam quo molestias.',0,1,'2014-02-28 20:45:44'),(5,301,172,'Vero vero dolor aut voluptatem debitis molestiae eius. Dicta eligendi dignissimos in error. Velit voluptatem omnis aut minima.',0,1,'2000-10-26 06:32:45'),(6,457,268,'Architecto velit nostrum et corporis dolores. Excepturi laboriosam ratione distinctio similique deserunt. Non nobis excepturi culpa expedita. Soluta repellat quibusdam fuga perferendis rerum quod.',0,1,'1987-06-12 06:02:16'),(7,467,30,'Dolor debitis voluptatum fugiat. Eos ad quia ad sunt quo. Architecto non ut et accusamus. Labore sed voluptatem asperiores cum.',1,0,'2017-08-19 06:20:51'),(8,250,159,'Voluptatem excepturi corrupti animi aut excepturi commodi sit. Commodi fuga vitae tempore temporibus. Amet mollitia eveniet ut quis cupiditate temporibus. Earum explicabo vel et ab molestiae consequatur eius.',0,0,'2015-11-11 18:39:55'),(9,45,246,'Ut amet impedit magnam fugiat doloribus aut officiis quae. Delectus nihil est non quo. Qui iste quod sunt reprehenderit necessitatibus.',0,1,'1975-03-15 21:41:45'),(10,96,240,'Magni sed earum accusamus alias enim quo et ut. Dolore qui et sunt repudiandae maiores hic. Voluptatibus itaque maiores nemo et ea voluptatem ut.',1,1,'1976-10-14 11:57:31'),(11,414,347,'Vero quia assumenda corrupti sunt. Qui natus nisi impedit et ipsum beatae quae. Illo corrupti cupiditate eum voluptatibus omnis nam.',1,0,'1980-01-05 04:03:00'),(12,494,429,'Numquam nulla id aut nemo incidunt repudiandae quibusdam quas. Voluptas iure labore facere sint quia dolorem iste. Odio non vitae ut rem nisi. Amet totam qui voluptatibus neque qui voluptatem.',1,0,'2014-10-14 16:01:02'),(13,160,15,'Officia ut commodi et asperiores id non. Voluptatem animi ut tempore voluptas ut.',0,0,'1980-11-19 11:04:33'),(14,92,414,'Minima modi ad sapiente velit inventore rerum ut id. Aut ut laudantium harum accusantium. Quis consequatur in aut sed magni dolore. Accusamus eius molestias est voluptatem odio labore.',1,0,'1999-12-17 13:34:55'),(15,294,228,'Quia asperiores voluptas sed aspernatur quidem amet. Earum molestias ut soluta tempora. Rerum cumque ea culpa quia. Molestiae autem tenetur sit tempore sit aliquid.',1,0,'2003-01-25 08:20:00'),(16,256,96,'Voluptatem aut aliquid officiis. Natus adipisci corporis et. Eos voluptatem odit nesciunt amet laborum.',0,1,'1976-05-22 07:32:08'),(17,210,264,'Minima delectus voluptatem aliquam enim quis ea. Esse voluptatibus sit molestiae sunt asperiores. Quam voluptatem laboriosam asperiores dolores quibusdam. Delectus aliquam magni sed numquam. Et ipsum neque fugiat exercitationem excepturi non dicta aut.',1,1,'2002-08-17 22:22:02'),(18,190,158,'Vel rerum est nesciunt possimus maxime. Provident quidem nobis quaerat expedita. Et at consequatur tempore ducimus quis distinctio enim. Natus corrupti ex nesciunt minus accusantium ex ut rem.',0,0,'1988-03-24 18:17:26'),(19,218,118,'Quaerat nisi sed officiis et omnis quisquam id. Expedita libero modi est beatae eveniet illo adipisci. Et ipsum porro repudiandae non. Ipsa eum sed ea iste voluptas unde earum.',0,0,'1978-03-14 16:35:05'),(20,432,309,'Alias ut reiciendis quisquam quis nobis. Aut saepe in impedit. Voluptate pariatur et sunt delectus non sit. Eius nulla repellendus alias molestias. Autem quia quis culpa facilis sunt ut.',0,0,'2019-10-22 15:03:45'),(21,247,307,'Ex repudiandae id enim. Officia unde voluptatem nam aperiam eligendi natus expedita. Eos ut esse ipsum enim illo esse repellendus.',0,1,'2006-10-04 03:29:45'),(22,294,50,'Suscipit et cupiditate molestias. Dolorem corporis similique optio ut est. Qui ipsa aut ut nostrum sed.',0,1,'1977-10-17 05:29:27'),(23,365,177,'Exercitationem enim debitis dicta aut similique. Culpa dolorum ut aut debitis sit qui. Dolor asperiores vel quaerat ut minima. Nihil voluptate repellat rem dolores.',0,0,'1975-08-02 23:17:18'),(24,290,417,'Ad aut iure earum aut quod voluptatum. Libero dolorem enim aut voluptates qui tempore. Repellendus a ut at eaque quisquam repellat in.',1,1,'1995-07-12 09:39:26'),(25,215,322,'Dolor dolores quae et maxime fugiat tenetur a ut. Adipisci et eligendi natus sint et pariatur. Incidunt occaecati aliquam vel id quia.',0,1,'1973-11-02 09:37:19'),(26,463,352,'Assumenda est et ea est accusamus. Ab iusto consequatur ab voluptatibus. Aut dignissimos cumque porro aperiam. Odio praesentium esse sed beatae.',1,1,'2018-02-19 18:38:03'),(27,368,284,'Facere perferendis iure voluptates commodi consectetur nesciunt. Et et aut aliquid. Est molestiae quo ipsam saepe et ut molestiae. Aut qui et porro. Ratione consectetur dolorem veritatis odit.',0,0,'2007-09-11 19:57:59'),(28,316,226,'Illo dolores suscipit odio architecto. Vel corrupti reiciendis officiis nostrum alias maiores. Totam rerum magni dolor iusto. Quibusdam fugit doloribus perferendis qui qui voluptas voluptatem. Veniam ipsa illo deleniti velit.',1,0,'1983-03-27 19:43:51'),(29,181,227,'Qui sunt consequuntur magni et consectetur et aut. Accusamus voluptas exercitationem commodi iste tempora voluptatem neque. Sapiente aut ratione ea dolorem voluptatem rerum ratione.',0,0,'1988-12-16 16:29:15'),(30,91,273,'Sed voluptatem cumque hic qui ullam velit. Quod beatae corrupti architecto ducimus aliquam.',1,0,'1995-01-01 03:35:50'),(31,93,147,'Dicta rem aut saepe quo eligendi ut. Nostrum fugiat quasi voluptas a vel rem cupiditate. Ut molestiae autem minima dignissimos ea. Est eos et quia voluptate eligendi.',1,1,'1996-09-26 09:25:32'),(32,454,328,'Minima quae itaque fugit corporis velit. Velit excepturi dolorem aspernatur dolore. Nostrum qui ipsa et ut possimus id. Odio eligendi similique ut perferendis ut soluta autem.',1,1,'2005-11-16 17:26:14'),(33,276,399,'Et quod culpa vero quod mollitia illum qui. Facere dolore qui architecto et saepe voluptatem. Cum libero error est minus.',1,1,'2019-09-20 14:46:51'),(34,163,120,'Blanditiis minima sed minus delectus eos laborum. Voluptate voluptatem illo dolorum dolorem. Rem quia fuga molestiae quidem eaque repellat ipsam aut. Repellendus voluptas quam distinctio esse voluptas in animi.',1,1,'2007-09-04 03:16:00'),(35,108,180,'Deserunt odio magni qui quia. Blanditiis distinctio harum omnis.',1,1,'2000-01-14 12:42:34'),(36,76,342,'Sint temporibus consequuntur vel nesciunt. Corporis cum error iure dolor qui architecto nemo. Magnam ad qui quaerat. Tempora perspiciatis veritatis in culpa error voluptatem excepturi.',0,1,'2006-05-24 10:28:00'),(37,478,364,'Pariatur et ratione harum est. Laboriosam quo voluptate optio ea. Animi fugit aliquid eos molestias et temporibus corrupti. Quod amet repudiandae cum consequuntur sequi.',1,0,'1975-01-09 21:47:48'),(38,386,339,'Praesentium est nam voluptatem. Incidunt velit voluptas aut esse sed ipsum. Voluptatem sed aliquid quo.',1,0,'2019-06-14 02:42:43'),(39,35,159,'Id quam molestias voluptatum sunt. Non qui sit non. Molestiae dolorum asperiores debitis alias reprehenderit cum sit. Amet dolore quod ut voluptate minima voluptates rerum fugiat.',0,1,'2017-03-09 08:28:58'),(40,188,463,'Sint laborum hic tempore harum doloribus perspiciatis et velit. Praesentium quo nobis nam quisquam. Id accusamus eligendi placeat quia fuga. Praesentium dolores rerum adipisci at corrupti. Quidem totam libero qui.',0,1,'2005-03-20 09:02:01'),(41,252,369,'Sequi earum quasi dignissimos similique. Reiciendis optio rerum quae ipsum. Pariatur in dolores doloribus aperiam accusamus fuga dignissimos culpa.',1,1,'2015-12-11 22:14:12'),(42,90,340,'Quia quam consectetur id accusamus quas laborum. Laborum laborum est fugiat dolores quia. Omnis explicabo cum ex earum vel qui quam. Ullam dolor voluptatum dicta deleniti corrupti saepe enim.',0,0,'1989-04-19 00:11:33'),(43,430,131,'Laudantium rerum qui excepturi eveniet voluptas. Et sed earum ratione ad id. Sed aut quisquam aliquam consectetur. Nihil aspernatur accusantium aspernatur voluptatem nesciunt perspiciatis est. Dolores quas dolor non provident et sint ex.',1,1,'1988-06-26 15:58:15'),(44,362,417,'Odit illum alias omnis est natus et dolorem molestias. Deserunt ab nesciunt ut cum nulla est consequatur repudiandae. Nihil fugit quaerat animi. Doloribus voluptate corrupti fugit nulla totam quo aliquid.',0,0,'2012-04-08 20:13:51'),(45,500,249,'Sit id sunt veritatis dolor omnis ea dignissimos. Provident qui porro voluptatum aut. Et rerum et nostrum omnis quis perspiciatis deserunt. Sit in omnis illum qui quisquam blanditiis ducimus. Sint reprehenderit et amet dolor ut tempore saepe nemo.',1,0,'1973-02-14 20:06:41'),(46,243,467,'Architecto culpa suscipit soluta est qui. Facere placeat molestiae labore sit soluta quia commodi. Odio corporis esse quasi ut consectetur ut quas.',1,1,'1994-12-19 21:51:22'),(47,104,122,'Soluta architecto dolores voluptates dolorem ex eum debitis nam. Voluptate vel dicta minus enim non ut alias. Consequatur aliquam atque fugiat non. Qui ratione sed voluptate eius vel eum quia.',1,0,'2010-01-10 03:45:21'),(48,295,109,'Voluptas dolorem ipsam sint praesentium. Et aspernatur ab dolore exercitationem sint totam corporis. Non minus doloremque aspernatur quis.',0,1,'2007-06-25 23:32:54'),(49,158,464,'Facilis laudantium velit et numquam. Incidunt id eveniet odit vero rerum qui iusto. Nihil sed sit repellendus harum natus quia.',0,0,'2007-09-28 06:20:34'),(50,344,328,'Repellat et omnis vel beatae. Delectus ex quia commodi ut nostrum nihil. Similique beatae ea earum hic.',1,1,'1979-12-21 23:21:17'),(51,108,56,'Et aut quam eos quaerat. Ut eveniet possimus doloremque. Quibusdam tempore ea optio. Omnis sed consequuntur perspiciatis maiores officia unde. Consequuntur et facilis unde eius excepturi.',1,1,'1978-07-28 11:18:05'),(52,454,102,'Porro est nulla dolorum est. Enim vel repellendus reprehenderit sed. Officiis vero officiis tempora in aperiam reiciendis.',0,1,'2015-05-24 20:30:25'),(53,146,426,'Cum hic nihil minima odit tenetur. Quisquam quia aliquid similique veniam ex nam ad. Maxime eum vitae consequatur.',0,0,'1975-09-10 01:17:53'),(54,189,166,'Amet voluptates repellendus accusantium atque a corrupti rerum quia. Corrupti magni molestiae voluptatibus corporis culpa et ipsum. Ea quia et quia numquam quam ut non minima.',1,0,'2007-06-14 01:44:25'),(55,263,315,'Dolore dicta laborum rerum quo. Quae provident error fuga. Aut consequatur molestias rerum enim quia voluptates. Aut consectetur totam eius tempora mollitia laudantium.',0,1,'2015-04-04 16:13:42'),(56,286,485,'Qui et numquam qui cupiditate eos. Aut itaque natus nobis omnis nihil est ex. Occaecati totam voluptates aut optio. Vel animi odio vitae non eveniet.',1,1,'1974-07-06 23:41:34'),(57,66,375,'Non est eius modi rerum sint. Quisquam culpa est cum reiciendis exercitationem ipsum et. Quam modi accusamus et dolorem vitae dolores. Quasi eligendi quibusdam reiciendis tenetur.',0,1,'1970-05-09 21:19:25'),(58,177,261,'Aut velit sequi praesentium voluptates dignissimos. Quis aut adipisci voluptatem. Ab totam fuga temporibus odit maxime.',1,1,'2007-10-02 03:09:10'),(59,273,79,'Minus quia sit nihil veritatis voluptatem voluptatem ut. Eum totam nulla dolores quia ut.',0,1,'1987-11-12 00:34:02'),(60,76,144,'Ea expedita ut et sint soluta. Reprehenderit est distinctio cumque et voluptas ut. Amet ea repellat asperiores dicta illum qui fugiat. Vel voluptatibus porro non nulla qui et.',0,0,'1976-12-17 15:53:36'),(61,490,19,'Hic eos eveniet odit inventore. Ipsa et voluptas qui. Est possimus expedita pariatur ea amet.',1,0,'1992-09-21 06:05:15'),(62,125,68,'Dolorem necessitatibus minus voluptatem omnis ut unde repellendus et. Dolorum eveniet accusantium impedit odio alias natus.',0,0,'2016-07-07 00:39:22'),(63,464,116,'Eum maxime repellat similique dolorum fugiat fuga consequatur. Deleniti dolores rerum inventore. Molestiae ut omnis consequatur possimus dolor voluptatem maiores sapiente.',0,1,'1996-07-06 02:43:07'),(64,186,81,'Error cupiditate repudiandae mollitia. Et commodi velit et ducimus maxime qui. Magni sit amet non. Voluptate reprehenderit dolor adipisci voluptatem sit.',0,0,'1974-09-26 09:50:51'),(65,348,497,'Est maxime enim voluptate molestias et dolorem. Est sint qui aut dicta esse tempore delectus eveniet. Sequi et et corrupti quis debitis minima eum. Ut suscipit doloremque rerum facilis aut. Rem amet neque id molestiae laudantium omnis.',1,1,'2013-11-14 06:02:57'),(66,439,205,'Sit rerum repudiandae voluptas magni aliquam pariatur. Eaque maiores maiores eligendi unde. Occaecati quis quo quo esse fuga. Est impedit magnam vel voluptas.',0,1,'2009-12-28 23:47:09'),(67,206,416,'Est voluptatibus debitis earum exercitationem eligendi est. Ut sunt numquam vel ipsam aperiam repudiandae. Nesciunt fugit quia odit quasi quia nesciunt reprehenderit. Mollitia eum occaecati qui deleniti a libero.',1,0,'2002-06-22 17:11:19'),(68,462,60,'Eos ut ipsum vitae in. Ipsam nam delectus qui ex sapiente. Incidunt est vitae est minus hic doloribus.',0,1,'2002-01-26 02:16:39'),(69,414,389,'Incidunt tempore enim excepturi consequatur beatae rem. Est incidunt cumque et eaque perferendis. Ratione quo dolor quisquam illo beatae voluptatibus voluptas.',1,0,'1980-07-02 03:51:44'),(70,204,354,'Voluptas reprehenderit dignissimos ut et. Magni velit voluptas fuga sed saepe est. Dolorum qui officia rerum dolore inventore quia. Magni est sit itaque nihil.',0,1,'2015-04-18 16:23:53'),(71,155,211,'Laudantium minima soluta et consectetur reiciendis aut. Culpa earum non fugit et esse. Error molestias ullam qui et laboriosam laborum. Et magnam commodi molestiae odio quam voluptas cum.',1,0,'1985-11-14 02:49:46'),(72,93,330,'Nihil sed rerum aspernatur asperiores optio. Commodi unde quo repellat. Accusantium deleniti nihil minus. Sunt sed reiciendis sit veritatis illum facere est incidunt. Enim a odio eligendi delectus pariatur dolor earum.',0,0,'1987-06-07 16:03:31'),(73,370,362,'Et aut consequatur illo. Voluptatibus amet aspernatur amet quas libero in. Qui animi consequatur maxime est. Ex odio neque veniam nostrum.',0,1,'1986-07-04 07:04:57'),(74,197,401,'Pariatur doloremque et explicabo non magnam recusandae blanditiis. Itaque provident perspiciatis labore placeat dolorem alias. Facere facere tempora odit autem molestiae. Voluptatem magnam et ut totam quisquam minima earum.',0,0,'2014-06-16 23:25:00'),(75,411,354,'Blanditiis qui nemo suscipit rerum sapiente. Magni aut possimus et aliquid debitis et reiciendis. Voluptatum quaerat sunt quisquam suscipit nobis ut repellendus. Aspernatur similique odio est voluptatibus fugit modi neque.',0,0,'1992-09-05 08:42:09'),(76,38,124,'Nihil quo quia incidunt. Magni sapiente temporibus molestiae qui reiciendis. Aut nisi et alias.',0,1,'2000-10-26 21:19:25'),(77,5,152,'Quo quis eos iusto. Incidunt eum aliquid necessitatibus perspiciatis illum odit nostrum. Nesciunt voluptas cupiditate autem maxime sit aut odio. Et eum voluptatem iste quis.',1,1,'1990-09-16 03:51:35'),(78,247,278,'Quisquam tempore eveniet et officiis. Aspernatur reiciendis qui maxime ipsa. Numquam voluptatem et ut ducimus.',1,0,'2003-05-08 20:18:18'),(79,150,415,'Est maiores eum est saepe aut. Quam fugit debitis quo ratione. Dignissimos nihil rem et iusto quo. Ratione inventore ipsam unde explicabo unde. Necessitatibus totam praesentium dignissimos id ab corrupti ex placeat.',0,0,'2005-06-17 17:52:10'),(80,125,379,'Quia vel repellendus porro rem aut aut. Asperiores magni temporibus ipsam assumenda dolores. Veniam omnis consectetur libero voluptatum. Ut atque consequuntur et quia tempora quia voluptatibus hic. Iste et libero occaecati.',1,0,'1980-05-28 06:33:39'),(81,19,456,'Vel cumque est ea qui. Cum voluptate quia placeat corporis aut. Quibusdam quia ipsa laudantium. Culpa voluptatem dignissimos aut ipsum et.',1,0,'2019-01-21 20:15:51'),(82,222,244,'Aut ipsum sunt similique. Excepturi saepe dolor qui sit asperiores culpa et. Esse voluptas ullam itaque accusantium velit voluptas. Aspernatur aut quisquam delectus dolorem.',1,0,'2018-08-03 04:08:29'),(83,51,21,'Atque voluptatem sed minus eligendi. Sapiente corrupti non quas et corporis maiores. Maxime sapiente adipisci harum deleniti ratione perspiciatis. Neque dolores debitis dolores nesciunt vitae sapiente.',1,0,'2000-03-19 16:38:24'),(84,455,212,'Fugiat earum facere veniam quo. Doloribus est vero aut assumenda culpa qui dolorum sequi. Ad dolorem voluptas rerum quos praesentium.',0,0,'1996-03-01 17:03:08'),(85,193,327,'Et dolor qui omnis qui porro culpa. Nobis aliquid aut a debitis. Magni dolorem occaecati omnis a nemo iusto.',0,1,'1999-12-03 02:08:30'),(86,56,299,'Dolorem ad dicta animi et libero consequatur eum qui. Ullam quod consequatur ut odit aut ullam vitae minus. Est dolorum aut et qui perspiciatis reiciendis.',0,0,'1987-04-11 17:50:33'),(87,326,231,'Eligendi minima suscipit qui esse consectetur debitis. Eum amet laudantium in hic et. Est inventore nemo ducimus expedita repellat.',0,1,'1993-10-02 18:22:23'),(88,179,200,'Distinctio amet qui quas. Deserunt quaerat quod cupiditate suscipit officia magnam velit. Dolorem sit qui voluptatem laudantium ea eligendi.',1,0,'2011-02-28 05:26:54'),(89,464,217,'Corporis doloribus voluptas suscipit similique consequatur. Et velit odio laboriosam enim molestias non perferendis autem. Recusandae quidem excepturi deleniti et doloribus perferendis.',0,1,'2005-10-05 08:56:43'),(90,194,319,'Provident fuga aut nemo praesentium delectus aut. Ipsa deleniti eos nobis quia ratione. Beatae deserunt voluptas eveniet et iure quia et. Iure voluptatem cum assumenda consequatur rerum atque qui.',0,1,'1994-04-05 11:06:40'),(91,12,101,'Sit adipisci quo odit sunt cum. Ea omnis nobis voluptates dolore eum voluptatibus.',0,1,'2003-01-13 13:43:38'),(92,471,51,'Sequi fuga voluptatibus distinctio quas eum harum. Eos nobis velit exercitationem deleniti. Possimus laudantium provident rem sit non officiis delectus.',0,0,'1972-05-02 08:33:15'),(93,342,57,'Perspiciatis molestiae minus ullam ut. Autem ad voluptas sed impedit eum ut iusto. Numquam earum ducimus dolorem ut culpa. Iure corrupti nesciunt accusantium dolor optio magnam.',0,1,'1973-02-05 12:02:09'),(94,258,117,'Voluptas voluptate aspernatur quo repellendus iste. Et ea nisi fuga ipsum velit aut et. Nam officia voluptas nesciunt ipsa. In at repudiandae aut tempore dolore quae.',1,1,'1973-03-05 10:52:38'),(95,310,201,'Error pariatur id quo explicabo dolorum. Odit magnam voluptate tenetur soluta voluptatum minima consequatur asperiores. Ipsa molestiae aut provident sit minima velit.',0,0,'1996-10-23 06:02:25'),(96,75,269,'Aliquid necessitatibus nulla quam officia fugiat. Deserunt ullam reprehenderit ut corporis iusto. Perferendis vero quasi nulla et.',1,1,'1980-09-20 07:16:26'),(97,119,287,'Possimus fugiat repellendus quis qui. Error assumenda nobis corrupti officia eius. Omnis id neque quis asperiores laborum maiores eos minima. Rerum aspernatur possimus velit quos hic iure.',0,0,'1970-06-09 21:16:55'),(98,79,33,'Molestiae facere sequi repellendus ea illum molestias. Ratione autem vel alias sunt rerum hic. Laborum aliquid error velit perferendis quis rerum fugiat. Autem eum quam blanditiis sunt et aperiam illum.',0,0,'2011-06-01 04:45:16'),(99,429,44,'Asperiores placeat enim a consequuntur quae tempore. Ut voluptate sunt voluptates nihil id tempore iusto. Omnis earum quia explicabo officiis qui sint. Non ullam ipsa quidem non beatae repellendus.',0,0,'1980-02-26 12:06:35'),(100,434,35,'Voluptatem sint ut qui vel odit sapiente provident. Earum debitis aspernatur tempora eveniet. Quam voluptatibus qui ut provident quia consectetur.',1,1,'2002-03-01 19:27:05'),(101,372,256,'Odit et consequatur dignissimos quas saepe ullam. Perspiciatis et nulla nisi libero quos est et. Ratione est eligendi quaerat eum eum est.',0,1,'1988-06-15 23:47:30'),(102,165,54,'Consequatur est suscipit enim excepturi laboriosam ut quisquam. Aspernatur laborum rerum earum explicabo quia et. Numquam maiores id quis harum. Nobis tempore ut accusantium eaque.',0,1,'2016-10-02 07:35:42'),(103,277,220,'Doloremque illum impedit praesentium tenetur. Illo reiciendis nisi delectus nisi. Eveniet voluptatem sit culpa nihil vel.',0,0,'1981-10-06 11:46:14'),(104,268,180,'Id aut et atque labore sint. Aut et velit repellendus vel officia earum. Sint error in nisi sit.',0,0,'2012-06-19 10:40:28'),(105,96,440,'Reprehenderit amet perferendis aliquid voluptatem recusandae libero. Quasi vel laudantium et aliquid esse. Dolor quaerat qui quia molestiae voluptatem. Culpa fugit corporis neque quibusdam inventore et et.',1,0,'2019-09-09 17:14:22'),(106,412,240,'Sit placeat sed saepe perferendis provident ad. Temporibus velit vel placeat ullam ut libero. Esse quam iusto nulla sunt harum sapiente. Ut consequatur hic voluptatum autem.',1,1,'2019-02-11 11:34:03'),(107,148,13,'Dolores enim id odio. Minus assumenda et consequatur dolorem. Quod fugiat qui expedita nobis nulla.',0,1,'2006-09-01 06:33:41'),(108,148,13,'Voluptatem consequuntur aut pariatur libero. Dicta nisi quam deserunt sed tempora tempore et nulla. Animi earum ducimus odio aut et.',1,1,'1988-02-18 04:18:41'),(109,400,457,'Neque ipsa nulla ut corporis. Veniam non nam ipsum iusto eveniet repellendus enim. Neque eum aut cumque praesentium eos quod consequatur vel. Animi vel in est nesciunt ab ipsam.',0,0,'1987-11-13 01:27:36'),(110,85,54,'Voluptate iure molestiae quo adipisci. Perspiciatis delectus magnam sint officia in. Sed temporibus fuga similique qui molestiae ipsum. Debitis officiis voluptatem rem quia rerum numquam quis. Eum sint corrupti sed quia quia quidem dicta.',0,1,'1977-06-27 08:15:37'),(111,16,415,'Non aut dolores iure a. Autem dolores qui expedita vel quia libero adipisci. Dolore magni similique et consequatur quia.',0,0,'1974-09-29 08:24:15'),(112,28,395,'Quaerat nulla natus animi quisquam. Quia ipsam nemo et eos. Aperiam velit quae qui dolor blanditiis. Harum nostrum exercitationem ratione et.',0,0,'1994-01-10 08:33:05'),(113,389,262,'Mollitia atque sint ut. Placeat vitae facere praesentium impedit dolor veritatis error. Voluptatum laborum numquam quia rerum. Et et ad aliquam fugit quasi.',0,1,'2015-06-28 07:12:04'),(114,142,424,'Officiis quam minima quia repellat consectetur laboriosam. Id odit deleniti omnis eveniet recusandae ipsam. Aut quo nostrum aliquam sunt.',0,1,'1970-04-04 08:19:13'),(115,192,186,'Quia ut aut cum ut aut sunt assumenda numquam. Libero placeat tenetur sequi et. Alias adipisci iste maiores aperiam quo.',1,1,'1984-05-08 20:26:57'),(116,356,221,'Enim doloribus eligendi aut perspiciatis aut necessitatibus porro aut. Nostrum aut quas commodi reprehenderit. Quasi et quidem dolore sit iusto alias. Vel eveniet excepturi minus repellendus deserunt incidunt cum.',1,1,'2005-01-16 04:24:20'),(117,148,13,'Laboriosam nostrum dolorem qui nostrum at. Illum voluptatem saepe qui sit neque delectus dicta.',0,1,'1975-05-14 05:59:00'),(118,473,317,'Nulla molestiae eum veritatis ab eligendi doloremque. Voluptatem consequatur fuga voluptatem in. Sed voluptatem quas voluptatem nihil. Omnis iste voluptatibus voluptates.',0,1,'2019-04-02 05:22:00'),(119,166,377,'Voluptas amet ducimus molestiae provident. Vitae consequuntur doloribus tenetur maiores nemo. Porro impedit repellat voluptas eos culpa. Quia quod nihil exercitationem quos repudiandae fuga voluptas.',1,1,'1990-12-15 15:03:03'),(120,389,312,'Voluptas laudantium maxime quibusdam iste laudantium nisi praesentium. Dolore nobis impedit quis eum voluptatum. Incidunt natus est voluptatem sit qui. Est et error sed nisi accusamus ipsum temporibus. Quae neque delectus est eum consequatur est doloribus.',0,0,'1995-05-12 03:36:11'),(121,392,25,'Aliquid qui quidem consequatur exercitationem magnam sunt. Voluptatum aut provident maiores facere aliquid doloremque ratione. Consequatur illo ducimus est sit ea aut.',0,1,'1983-01-15 02:32:49'),(122,448,163,'Aliquam cupiditate inventore iure repellendus dolores sequi. Est quaerat voluptas enim eos dolorum. Aut soluta distinctio quia eos id.',0,1,'1975-05-22 05:03:27'),(123,472,368,'A perspiciatis molestias asperiores exercitationem repellendus. Iste qui doloribus non sed et officiis nihil. Nam consequuntur beatae exercitationem dolor ea est. Sed quisquam quo dolor et id.',0,1,'2002-04-29 01:51:51'),(124,426,23,'Nam iure autem rerum consequatur dolorem eum dolores et. Doloribus in et ea deleniti. Eaque quis saepe et est. Repellendus molestiae cupiditate minima id dolor.',0,0,'1990-07-10 11:21:20'),(125,337,115,'Dolor quidem facere aspernatur provident et sunt. Quibusdam neque vel deserunt minus. Saepe ullam ex iste veritatis est optio aliquid blanditiis.',1,1,'1994-01-29 20:38:25'),(126,65,478,'Sit possimus beatae ut aut tempore facilis architecto. Id fugiat molestiae at asperiores beatae ut libero. Accusantium neque ut velit sed est.',0,0,'1975-11-30 06:46:27'),(127,194,37,'Consequatur voluptas eum vel odit vel. Sit quibusdam possimus id laboriosam cumque omnis. Aliquid voluptatem qui aut nesciunt nesciunt quo. Aliquam tempore ipsa sapiente autem.',0,0,'1974-11-15 08:26:50'),(128,103,401,'Ut architecto eligendi veniam ut quam totam. Dolor magni quo laudantium neque. Voluptas et itaque aut ea nobis. Earum consectetur delectus ex aliquid natus blanditiis aliquid cumque.',0,1,'2000-03-15 10:58:47'),(129,195,274,'Fuga vitae illo deleniti dolores impedit. Dolores libero et aut delectus commodi ex quis. Totam deserunt nulla aliquam repellendus.',0,1,'1986-09-27 09:55:14'),(130,285,100,'Consectetur labore quos est commodi doloremque eligendi quaerat. Sit quaerat hic sint quo exercitationem. Explicabo enim voluptates animi.',0,1,'2007-11-13 11:28:09'),(131,144,420,'Vero molestias natus quis non eos. Consequatur eligendi est suscipit ut quasi tempore. Tempore velit voluptas reiciendis quia.',1,0,'2016-01-18 11:55:46'),(132,168,79,'Ratione dolore illo omnis eveniet porro. Cumque dolor consequatur odio consequatur beatae nihil. Autem dolorum hic ut earum in.',1,1,'1993-02-07 21:19:55'),(133,390,214,'Qui rerum qui illo ut dolore minus impedit. Dolor quam aliquam illo dolores ex vel. Labore voluptatibus dolore labore possimus deleniti aut et. Ea placeat commodi quis rerum.',1,0,'2001-10-03 14:55:47'),(134,399,352,'Doloribus veniam et et sunt saepe culpa. Architecto mollitia magnam modi consequatur. Saepe qui animi quis suscipit vel tempora. Et quod id beatae laborum et perferendis ea velit.',1,1,'1972-12-08 04:38:53'),(135,62,255,'Quis est error reiciendis iure maxime dolorem. Deleniti magnam ex autem veniam dolor fugit. Molestiae eos et dolor quo et consequatur. Repudiandae ullam alias quibusdam omnis.',1,0,'2013-02-06 12:08:28'),(136,88,174,'Ducimus iusto illum eum fugit. Incidunt pariatur illo nihil dolorem deserunt quo possimus voluptatem. Nihil autem maxime sint. Qui tempore voluptatem accusantium.',0,1,'1978-08-27 18:32:11'),(137,106,8,'Sit et beatae aut nam in veritatis. Id eum similique quo quia debitis. Fuga ea consectetur ut minima excepturi ipsum vitae eum. Ut ratione consectetur omnis ut quia.',0,0,'1977-11-30 00:12:19'),(138,221,79,'Est quaerat voluptas atque ut tempora dignissimos fugiat totam. Doloribus distinctio saepe qui et officiis voluptatem praesentium ut. Numquam fugit quis aut animi natus reiciendis accusamus.',0,1,'1971-12-10 03:55:19'),(139,233,429,'Excepturi qui omnis officia ut et. Voluptatem aut aut quia neque. Fuga quasi atque fuga similique magnam ipsam magni. Fugiat inventore ut accusantium quis officiis quidem.',1,0,'2001-08-10 04:11:22'),(140,443,426,'Id et eos officia voluptas. Eum dolor a vero deleniti laborum ut dolores. Explicabo officiis eos sunt alias error. Quae quo quia aut debitis adipisci.',1,1,'1976-07-20 00:03:10'),(141,304,239,'Perferendis eaque sit ut quia ad quos quaerat dolorum. Rerum mollitia molestiae earum facere eos et doloremque. Ut sunt excepturi cupiditate omnis qui. Est quisquam facere ut eum ut.',0,0,'1992-10-25 16:59:24'),(142,283,196,'Eum dolores reprehenderit dignissimos eos. Maxime cupiditate id quis inventore consequatur omnis. Natus laudantium et dolor sint.',1,1,'1983-07-29 18:01:17'),(143,131,66,'Accusantium enim aut veritatis voluptate. Sunt quia et asperiores deserunt commodi.',1,0,'1997-03-14 09:47:17'),(144,435,479,'Totam ut adipisci et natus. Cupiditate in recusandae et eius. Animi excepturi beatae eum exercitationem omnis.',1,1,'1988-06-06 19:34:45'),(145,88,3,'At asperiores et dolorum autem sapiente ex et. Sit explicabo odio cupiditate provident. Sint eum nobis architecto voluptas delectus perferendis. Eos quod architecto tempore dolores aperiam ipsam. Consequatur molestias consequuntur odit velit ullam consequatur.',0,0,'1972-09-17 02:43:33'),(146,252,251,'Quaerat fugiat est minus suscipit qui et eveniet. Non omnis quo occaecati et et. Dolore velit facilis error aut quisquam.',1,0,'2011-10-16 20:33:55'),(147,498,235,'Omnis et a mollitia rem. Quia fugit debitis repellat nobis id sunt mollitia et. Dolores excepturi doloremque nihil fuga deleniti et.',1,1,'2005-05-10 02:33:14'),(148,181,202,'Dignissimos quas aut modi provident quos minus. Aut omnis esse sit et. Qui dolores eius debitis veritatis voluptatem quis.',1,0,'1990-02-08 06:12:30'),(149,464,215,'Quibusdam quod ea tempore odit qui consectetur. Facilis pariatur et earum. Qui perspiciatis consequatur et molestiae.',1,0,'1989-04-02 08:32:57'),(150,181,261,'Neque necessitatibus debitis fuga dignissimos deserunt est. Dolorem delectus sit iste nihil. Voluptas minima accusantium dolore doloribus temporibus dolores. Consequuntur non nostrum repudiandae eaque non et. Cum repudiandae quam ad voluptatem et.',1,0,'1990-04-12 07:11:31'),(151,261,21,'Nihil autem veniam aspernatur quia. Esse commodi vel corrupti voluptatum eligendi. Neque amet voluptas expedita recusandae. Voluptatem sed eum aut ipsa sed.',0,0,'1993-01-06 22:34:01'),(152,322,46,'Nemo voluptas aliquam et facilis totam sed. Dignissimos sint esse enim provident enim et laboriosam sed. Officia veniam magnam enim sapiente enim quam.',0,1,'1999-05-29 17:01:01'),(153,263,176,'Quis nulla provident numquam dicta molestiae adipisci. Est voluptatem velit quam repudiandae cupiditate magnam repellat. Maiores perspiciatis voluptatum consequatur sunt quos libero in.',1,0,'1999-01-12 11:21:12'),(154,90,423,'At magnam consequuntur repellat ut rerum porro nulla ipsum. Neque ratione et dicta accusantium. Non ex voluptas iure natus ut. Quia quo nihil harum repudiandae et et sunt assumenda.',1,1,'1996-08-02 01:45:52'),(155,346,460,'Aut nemo hic rerum quia sed dolor. Facere sint repudiandae consequuntur deleniti. Qui iste assumenda incidunt maiores id.',0,1,'1970-01-06 22:55:48'),(156,259,415,'Molestias atque quibusdam soluta. Aut neque vitae eos tenetur facilis. Explicabo fugit tempore voluptatem dolorem. Sint quos quia aut dolores minus provident.',0,0,'2012-09-29 17:31:21'),(157,297,241,'Voluptas possimus repudiandae amet occaecati. Aut adipisci pariatur est voluptatum dolores quibusdam dolorem. Iure architecto tenetur dolorem quia est quibusdam animi inventore. Aut harum tenetur quidem repellat voluptatem sit.',0,0,'2004-08-14 22:30:40'),(158,313,340,'Harum deleniti soluta ea omnis temporibus aut. Est ut et delectus et. Pariatur recusandae sapiente iure enim minus corrupti nobis ea.',1,0,'1984-08-31 22:18:18'),(159,260,282,'Non omnis incidunt et. Aspernatur veritatis vel fuga. Qui non possimus est. Architecto fugit non ipsum quia.',0,1,'1981-05-23 03:56:25'),(160,129,297,'Et est voluptatibus explicabo cupiditate et qui esse. Et voluptates aut sint perspiciatis aperiam voluptas dolorum magni. Mollitia voluptas occaecati cum et. Odio non rem veritatis facilis esse sit.',1,1,'1981-03-14 21:54:55'),(161,100,108,'Sunt atque aspernatur doloremque illo dolor voluptatem. Consequatur facere fugit aliquam voluptates asperiores itaque dolor. Quaerat accusamus non id assumenda voluptatem.',0,0,'1971-05-12 18:37:25'),(162,238,368,'Consequuntur expedita aperiam et rerum consequatur voluptas qui enim. Non in eveniet ipsam voluptatem ipsam sit. Eos et sit alias minima aut.',1,1,'1986-08-25 06:23:14'),(163,125,21,'Cum qui dolorem in doloribus. Ipsa sint excepturi qui. Soluta dolores mollitia quasi vel ex consequatur magni. Est rerum quae beatae.',0,0,'2003-04-20 14:37:14'),(164,228,78,'Veniam non quo est aut aut odit. Sunt neque optio tenetur eius repudiandae. Nihil ducimus optio corrupti mollitia qui. Et unde tempore nam quae quisquam.',1,0,'2013-09-02 16:41:01'),(165,205,289,'Sunt sit omnis voluptates qui laborum voluptatibus. Vero aliquam amet corporis non ad nostrum saepe. Omnis et id eveniet ipsa iure aspernatur. Mollitia ut rerum similique eos.',0,0,'2013-10-20 23:13:10'),(166,331,287,'Iure consequatur aperiam magnam delectus earum in natus. Labore occaecati dolorem corrupti fugiat vel aut qui. Enim voluptatem mollitia reprehenderit iusto. Libero consectetur repudiandae explicabo earum et.',0,1,'1989-05-04 19:29:36'),(167,441,342,'Qui animi culpa tenetur laboriosam. Animi occaecati accusamus non laboriosam nostrum. Atque perferendis aut nihil non. Magni error blanditiis culpa molestias iure ullam.',0,0,'2012-07-20 01:01:17'),(168,387,411,'Cum quod blanditiis sit quod neque. Est consequatur at cupiditate aperiam explicabo quia magni. Aut officiis quasi assumenda veritatis. Perferendis laborum omnis expedita optio.',1,1,'2001-12-25 05:23:04'),(169,391,221,'Ex rem aliquam eos voluptatem autem nihil. Rem non quis maxime a. Perferendis odit vel quasi eaque. Ut enim quia qui quibusdam.',1,1,'1982-09-18 17:36:49'),(170,433,1,'Maxime alias occaecati vitae voluptatem rerum. Eaque beatae voluptatum rerum non earum. Quisquam quos excepturi aut expedita autem quia. Saepe rem quia facere pariatur. Et sit odit est debitis.',1,0,'1987-09-11 17:38:38'),(171,205,22,'Quo modi quisquam necessitatibus unde ullam molestiae. Sunt dignissimos voluptas itaque asperiores pariatur consequuntur rerum. Sint repellat qui pariatur perspiciatis facilis quis fugit.',1,0,'1973-01-06 06:51:14'),(172,495,408,'Ut ullam ea necessitatibus minus maxime vitae. Veritatis quidem similique sequi sit harum repellendus blanditiis. Molestiae ut nesciunt sit nemo. Ea nihil unde consequatur dolor enim. Provident est est et debitis repellat iusto.',0,0,'1983-04-26 04:21:47'),(173,13,416,'Eligendi ex in pariatur reprehenderit necessitatibus. Et architecto minus magnam iusto soluta sapiente. Odit cumque quis quia optio doloribus qui rem. Deleniti magni necessitatibus suscipit exercitationem sed.',1,1,'1984-06-06 20:21:13'),(174,38,74,'In debitis necessitatibus ex voluptatem rerum vel ut. Ullam voluptatum tempore itaque earum ut quaerat et. Cum ut est recusandae.',1,1,'1994-08-29 00:26:08'),(175,253,42,'Consequatur dolorum a sunt ducimus provident. Quae ut quis sed qui est omnis. Temporibus aut animi mollitia soluta nisi nihil. Quasi odio non placeat cum excepturi recusandae iusto.',0,1,'2002-07-09 19:54:08'),(176,451,127,'Ex architecto quisquam eaque tempore deleniti. Vel ipsa quasi voluptas est aperiam sed. Blanditiis eveniet consequatur tempore consequuntur. Repellendus et ab qui ut inventore recusandae iste maxime.',1,1,'1977-07-26 22:49:35'),(177,282,27,'Consequuntur velit porro ipsum cum incidunt necessitatibus. Eos nam vero non aut id dicta perferendis. Officia officiis unde ex sit dolores asperiores eum. Sunt beatae repudiandae in dolores. Sapiente officia accusamus quia.',1,1,'1989-04-26 03:31:41'),(178,292,377,'Consequatur facilis vel sed eum inventore reprehenderit. Enim provident voluptate facilis nobis corrupti totam. Nostrum quia earum nulla corrupti sint.',1,0,'1985-08-09 04:13:55'),(179,13,416,'Alias magnam illum quis. Consequatur repellat consequatur atque. Voluptas doloremque neque vero. Dolorem vitae earum et saepe labore ducimus quis.',1,1,'1980-03-12 21:01:43'),(180,16,356,'Voluptatem harum aperiam esse aperiam dignissimos. Vel eveniet esse temporibus repellendus sint. Voluptas vitae animi mollitia incidunt. Vel vero ut est quae.',0,1,'2000-08-04 20:26:26'),(181,230,80,'Beatae consequatur voluptatem pariatur magnam dolorem dicta laboriosam. Incidunt et non in explicabo. Aspernatur quisquam nihil ducimus eveniet autem dicta. Deserunt vitae tempore dolores.',1,1,'2009-11-03 00:14:40'),(182,213,323,'Ex magni voluptas eum. Voluptas ad est repellat tempora incidunt ea. Dolor placeat cumque placeat rerum. Nihil eum et doloribus illo dicta fugit dolorem. Omnis maxime ea magni assumenda placeat.',1,1,'1980-05-09 22:17:12'),(183,475,407,'Laudantium quis ut qui ab. Animi nam magni aspernatur eos. Quos et accusamus dolor reiciendis qui iusto. Ad est quia soluta consequatur id sit.',0,0,'1975-12-01 02:45:02'),(184,109,321,'Ut corporis tempore inventore blanditiis similique vel quas et. Et ex non delectus possimus odio. Minima a sunt molestiae culpa. Consequatur quos qui omnis aut asperiores.',1,0,'1997-10-30 04:06:10'),(185,281,439,'Voluptates numquam ab explicabo. Voluptatem omnis architecto possimus. Ducimus qui harum repellat.',1,1,'1973-03-28 15:53:21'),(186,353,447,'Ducimus a inventore ad velit. Recusandae aut temporibus qui sit fugit consequatur delectus. Corrupti modi quasi quaerat molestias. Reiciendis et iusto fuga.',0,0,'1990-12-02 14:47:23'),(187,177,43,'Qui vitae expedita numquam nisi corrupti laborum. Officia debitis inventore voluptatibus accusamus explicabo odio sunt. Iusto nam autem sed officia.',0,1,'2014-06-24 02:05:23'),(188,185,295,'Tenetur sint sint asperiores et non illo in. Sint eos totam minus facere rerum sunt eum. Temporibus qui rem necessitatibus quia dolorum id et. Inventore voluptate aut quia dolore.',0,1,'1998-01-31 16:10:28'),(189,420,214,'Eos adipisci natus sed unde sint. Quibusdam qui quae odit. Dicta ea rerum dolorem nesciunt atque. Ut velit quo nostrum nihil natus voluptatem et quae.',1,1,'1971-12-28 16:38:11'),(190,311,413,'Saepe et possimus enim facilis tenetur vitae. Est incidunt atque tempora. Cupiditate sint possimus soluta deserunt. Consequatur iure modi perspiciatis ipsum molestiae. Quo error error dignissimos et expedita error alias dignissimos.',0,0,'2019-04-08 19:50:36'),(191,129,405,'Tempora commodi hic corrupti. Aut illo in sed eius temporibus officia consequatur. Qui amet in inventore aut.',1,1,'1992-12-02 23:49:25'),(192,140,484,'Molestias at sint nemo. Culpa nesciunt aut amet. Ipsum labore assumenda ipsa itaque. Molestiae mollitia vitae excepturi aliquam et ipsum.',0,1,'1973-09-01 06:03:39'),(193,497,35,'Ut fugiat dolor iste. Corporis dignissimos unde accusantium. Velit repellat reprehenderit sunt.',1,1,'1992-04-16 18:52:20'),(194,184,312,'Voluptatem atque libero quisquam ipsum ab. Facilis neque occaecati omnis deleniti iste labore ducimus. Itaque in sit facilis amet ab sed. Beatae sint ut cupiditate pariatur.',1,0,'2000-04-07 15:21:49'),(195,13,57,'Doloremque et omnis natus velit. Omnis est facilis dolore. Aut suscipit cupiditate voluptate ut et maiores amet. Quaerat quae et rerum quod nam quo voluptas.',1,1,'1983-07-31 01:13:50'),(196,495,163,'Debitis dignissimos sint voluptatem minus nobis dolore eligendi. Labore et quaerat possimus.',1,1,'2005-04-07 11:59:33'),(197,330,161,'Veritatis natus alias facilis. Assumenda vel dicta quasi ut nemo minima vel eveniet. Eos quam nihil aut ducimus adipisci sequi est maxime. Reprehenderit vero totam ullam est est qui.',0,1,'1986-02-09 02:17:39'),(198,150,13,'Non et nam amet iusto incidunt in. Voluptas voluptas quod non omnis iusto. Non nihil et soluta omnis quia unde. Dolore cupiditate facere distinctio.',0,1,'2018-10-12 13:42:39'),(199,495,210,'Quibusdam omnis quas et amet ullam facilis. Dicta ea enim molestias rem adipisci et. Qui soluta eos sint earum magni sunt.',0,1,'2001-02-27 13:11:20'),(200,64,191,'Esse consequatur illo laborum quae rerum totam. Fuga praesentium et illum occaecati officiis porro. Et qui veritatis odio sapiente. Nisi doloremque libero omnis est hic velit aut ipsa.',0,0,'1999-12-17 06:50:50'),(201,262,235,'Voluptatem molestias nam vel et omnis. Alias est ut quaerat voluptatem. Quo iusto est totam ea accusamus qui. Quod dicta quia omnis aspernatur id consequatur qui et. Adipisci mollitia sed ratione omnis.',0,0,'2012-08-30 11:39:09'),(202,389,240,'Nisi aut sapiente neque et. Fuga quam culpa voluptatum praesentium est inventore voluptate. Aut natus adipisci occaecati sed.',0,1,'1983-11-25 12:43:24'),(203,31,435,'Enim beatae temporibus ab fuga quia ad. Est culpa voluptas officia sunt aspernatur. Modi corrupti voluptatem distinctio inventore.',0,0,'2012-11-12 06:13:29'),(204,80,97,'Voluptatem eos a numquam. Velit doloribus neque perspiciatis quos rem. Qui rerum ipsa corrupti fugit voluptas quam qui.',1,0,'1970-01-12 07:48:22'),(205,243,426,'Quaerat voluptatem quia quo eligendi tenetur. Quod dolores doloribus impedit ab. Soluta accusantium non placeat eaque ipsam ullam. At et optio sit totam.',0,0,'2018-05-27 17:14:52'),(206,398,213,'Natus deserunt ipsam autem officiis ipsa. Voluptatem iure tempore qui voluptatem corrupti vel. Voluptates temporibus est velit nemo incidunt quo.',1,0,'1973-07-30 05:51:41'),(207,371,215,'Sit tempore sed fugiat et reiciendis. Totam sint saepe praesentium cum voluptatem. Ut vitae et iure. Vel nemo ea qui quia dolore.',1,0,'1992-10-31 19:20:44'),(208,462,165,'Occaecati quia culpa quasi maxime. Suscipit et reprehenderit porro nobis. Autem eos doloribus sint mollitia quidem cumque quam. Tenetur suscipit autem odit ad.',1,0,'2001-11-10 04:03:23'),(209,440,201,'Qui repellat accusamus qui assumenda architecto. Rerum consequatur ut omnis sunt rerum est. Est laborum laboriosam nemo.',1,0,'1975-09-13 05:42:26'),(210,185,323,'Necessitatibus dignissimos sed rerum possimus. Explicabo quam tempora hic consequatur non assumenda quam. Dolorem est repellendus eveniet aut qui. Quo quo molestiae harum quia nemo omnis id et.',1,0,'1985-01-07 12:35:00'),(211,61,332,'Minima iure mollitia et culpa animi autem. Aliquid numquam soluta veritatis aut dolor ea illum. Dolor id quo quia quibusdam qui odit.',0,0,'1994-06-16 17:36:31'),(212,479,398,'Et distinctio porro omnis voluptatem commodi. Rerum sunt at animi et laboriosam. Est sunt minus incidunt iure at beatae.',1,0,'2004-09-16 06:32:32'),(213,54,72,'Autem facilis accusamus ipsam quis est nesciunt tempora. Et eum quae quis reprehenderit. Necessitatibus ex ex commodi in cupiditate asperiores rerum.',1,0,'2000-12-13 08:19:41'),(214,201,288,'Repudiandae facilis et exercitationem molestiae nihil et excepturi unde. Corporis consequatur ad provident tenetur quia. Eum sint voluptatem possimus quaerat reiciendis omnis ut.',0,1,'1996-03-31 15:02:50'),(215,336,317,'Eum culpa illum dolor. Voluptatem sint dolore quasi fugit cumque. Est eum nam neque sequi voluptas sequi impedit repudiandae. Quod quidem est aut.',0,1,'2014-07-13 10:15:53'),(216,77,431,'Eos omnis alias quia sapiente aperiam cupiditate. Quia laudantium eveniet veniam libero rerum. Inventore ut dignissimos in non omnis vel recusandae.',1,0,'1986-03-17 00:27:12'),(217,425,331,'Similique aliquid itaque nulla et ad adipisci in. Aut labore consectetur nobis dolore rerum.',0,1,'1970-07-19 20:54:30'),(218,381,410,'Aut aperiam amet qui ad. Recusandae molestias dolores ut eum dolor. Dolores praesentium et ab magni aspernatur sequi similique.',1,0,'2005-05-21 00:14:15'),(219,405,296,'Quia rerum quo eum aliquid quas sint. Mollitia qui porro cupiditate voluptas. Voluptas aut assumenda sunt facere. Laudantium magnam impedit officia et doloribus.',0,1,'2000-10-25 18:10:37'),(220,265,435,'Quo repellat voluptatem est dolore vel saepe. Quia et explicabo iste ipsa est natus soluta. Quibusdam fuga perferendis ea est vel ullam. Incidunt hic necessitatibus eos eos saepe excepturi nihil.',1,1,'1986-03-15 16:34:23'),(221,381,97,'Atque asperiores id facere sunt quod fugit. Quia enim earum corrupti corporis. Esse esse expedita consequatur quia. Quasi cupiditate esse deserunt. Et non alias non facilis.',1,0,'2019-10-02 20:40:05'),(222,342,420,'Distinctio repellendus non rerum perspiciatis. Officia quia est eos qui. Nemo dignissimos ab iure totam ipsa possimus sint.',1,1,'2010-01-06 09:04:02'),(223,71,98,'Quos quis consequatur dolorem optio aut. Voluptatem necessitatibus voluptates consectetur nesciunt illum et. Ex et et sint maiores ut asperiores vel.',0,1,'1977-08-22 09:56:01'),(224,273,72,'Et ad et id error sit nobis sed. Sequi ut vel excepturi repellat aut. Eaque ullam magni accusamus voluptatem non. Quia adipisci amet voluptates reiciendis quae. Fugiat quae reprehenderit debitis excepturi.',1,0,'2014-01-04 21:24:52'),(225,41,486,'Quia voluptatibus aspernatur ab commodi nihil repellendus minus dolores. Tenetur quia placeat quia qui temporibus voluptatibus autem. Dolorem explicabo sed ducimus nihil nihil. Rerum et molestias deserunt necessitatibus.',1,1,'2006-01-28 03:40:25'),(226,150,13,'Possimus aut delectus eveniet beatae sed molestiae sapiente. Voluptatem labore commodi consectetur minus quisquam et cum.',1,1,'2015-12-23 00:04:05'),(227,11,292,'Explicabo pariatur ut ducimus enim. Nihil reiciendis error corrupti voluptatem. Aut assumenda est quae praesentium consequatur.',0,1,'2007-07-02 15:35:44'),(228,427,258,'Occaecati dolores cum sunt id. Quae culpa sit nemo non suscipit. Quasi fugit fugit mollitia. Iste fugiat non eius aut voluptatem quas fuga.',1,0,'1974-02-18 03:05:35'),(229,9,270,'Qui beatae quo dolores est ullam incidunt sed. Reiciendis ut dolorem saepe sunt et quam voluptas. Vero suscipit molestiae a perspiciatis. Praesentium doloribus ipsum corrupti magni dolor voluptatem.',0,1,'2002-12-13 11:13:15'),(230,323,303,'Atque ducimus corporis esse voluptatem molestiae est eaque. Similique et eum officiis quia quod.',1,0,'1996-04-27 22:47:25'),(231,44,313,'Rerum quos suscipit aut molestiae doloribus sed iste velit. Dolor quia odio assumenda nesciunt aut sed quo quia. Accusamus voluptas reprehenderit voluptas eveniet optio quasi consequatur.',1,0,'1982-07-27 16:29:43'),(232,434,227,'Quisquam qui saepe deleniti ea hic et et. Sequi aliquid nulla dolore quos quia voluptatum blanditiis. Ex autem enim qui cum. Similique nihil quibusdam ipsum qui et perferendis.',0,0,'2016-02-20 19:59:38'),(233,334,489,'Voluptatem reiciendis vel quibusdam et. Qui ut qui magnam amet quia. Voluptatem accusantium ut quia temporibus asperiores repellendus tempore. Aut reiciendis itaque alias sed exercitationem.',0,1,'1992-06-03 00:35:25'),(234,441,240,'Est ipsum consequatur aut et ut et et. Ducimus aut est quia quidem quia necessitatibus dolores. Incidunt natus soluta perferendis corrupti consequatur rem.',1,1,'2017-06-13 07:59:42'),(235,374,149,'Inventore placeat dolores odit dicta eum earum neque architecto. Dolorem ea repudiandae ut aut est aliquid. Et dolores iste ipsum atque amet culpa.',1,0,'2006-01-21 21:46:07'),(236,123,167,'Omnis aut quasi eum nostrum molestiae. Omnis nam est consequuntur voluptatum veritatis sit.',0,1,'2007-12-20 19:12:08'),(237,464,322,'Eos repudiandae accusantium modi molestiae dolores perferendis maxime. Vitae eum at omnis mollitia nostrum perspiciatis. Totam repudiandae eos facilis nam impedit iusto. Deserunt iure voluptates quaerat et omnis quibusdam et.',0,1,'1990-04-24 04:56:43'),(238,216,116,'Veritatis vel placeat dicta explicabo aut. Saepe est aut incidunt sint eos voluptas. Voluptatem fuga est qui pariatur. Maxime tempora non est dolores.',0,0,'1996-10-12 08:07:46'),(239,428,292,'Aut fugit aut occaecati error ut omnis repudiandae. Reiciendis nostrum vero saepe. Voluptate minus laborum et nihil eum inventore laborum.',0,0,'2006-11-08 20:27:40'),(240,174,495,'Quasi reiciendis eveniet ut repellendus repudiandae qui rerum. Doloremque est iure veritatis voluptatibus sit. Inventore soluta ut eveniet totam molestiae quo amet. Aut deleniti quibusdam voluptatem eum sequi doloremque.',0,1,'1975-01-13 22:12:40'),(241,454,281,'Excepturi laudantium dolorem recusandae fugit et. Nisi illo qui ut ut. Non est saepe sequi aut autem rem.',0,0,'2017-03-08 12:41:13'),(242,46,383,'Consequatur omnis totam aspernatur odio rerum et labore et. Rerum inventore delectus atque dolorum et ut qui. Ad pariatur dolores fuga. Ad voluptas quo quis ex.',1,0,'1998-11-22 19:27:51'),(243,280,247,'Quia laborum atque eaque esse facere placeat. Ab ipsum quo quis vitae assumenda unde. Officiis veritatis fuga eius ut. Eos totam et illum accusamus omnis autem.',0,1,'1996-07-27 13:51:35'),(244,398,246,'Laudantium vel sit excepturi veritatis architecto a. Aperiam vero possimus ea earum.',1,1,'2004-12-25 08:19:53'),(245,35,438,'Quis libero aperiam commodi corporis illo fugiat quas. Et illo aspernatur fugit id illum ea. Suscipit aut ex et praesentium voluptatum doloribus.',0,1,'1999-09-26 14:16:40'),(246,169,13,'Consequuntur ullam porro ipsa quod aut in. Voluptate ut saepe in hic at saepe minima autem. Iusto omnis provident aut. Consequatur illum velit fugit ea numquam soluta est.',0,1,'1993-08-10 14:16:05'),(247,236,13,'Laudantium perferendis aut maiores qui suscipit temporibus. Eos omnis adipisci ut. Dolorem occaecati harum atque saepe voluptas. Eum perspiciatis soluta aliquam error.',1,1,'2016-02-11 23:45:53'),(248,93,199,'Necessitatibus deserunt perspiciatis tenetur qui. Possimus totam iste dolor distinctio qui asperiores. Tempora laborum est aspernatur explicabo.',0,0,'2015-03-08 21:38:54'),(249,219,494,'Expedita cum autem omnis voluptas officiis. Consequuntur ea culpa laudantium unde harum.',1,1,'2015-03-25 20:58:51'),(250,315,92,'Illum sunt ullam praesentium eum delectus. Distinctio consequatur animi distinctio ea voluptatem. In voluptates porro nostrum aliquid a facilis dolores.',0,1,'1983-07-27 07:18:33'),(251,14,292,'Sed porro sed eaque. Corporis voluptas occaecati est praesentium nisi vel quis. Eligendi est rerum doloremque placeat est odio qui. Quis porro saepe voluptatibus et inventore quis animi suscipit.',1,1,'1975-09-14 20:01:32'),(252,419,220,'Recusandae repellendus est cumque ratione totam. In optio dolorem excepturi in aut facere iusto. Illo in et laudantium sit non id consequatur. Voluptas expedita eos eum eaque temporibus.',1,0,'1989-02-14 02:05:57'),(253,342,47,'Est ut reprehenderit dolorem ipsam voluptate. Eius dolorum ea ullam aut eligendi veniam. Voluptas laudantium nobis in a. Quia nam itaque unde voluptatem reiciendis.',1,0,'1989-10-21 11:36:00'),(254,210,410,'Ad et est sed veniam culpa soluta temporibus deserunt. Qui accusantium omnis iste. Impedit ex maiores odit similique non illo similique. Quo illum ab rerum. Accusantium consequatur earum alias sint.',1,0,'1979-11-26 01:20:51'),(255,417,356,'Repellendus cumque explicabo sint quaerat. Et deleniti harum perspiciatis architecto. Cumque expedita placeat odio. Corporis iure quae laborum ea.',1,1,'1999-07-16 18:31:21'),(256,13,268,'Vel omnis esse doloremque tenetur aperiam totam dolore id. Iste sed impedit quae voluptas consequuntur enim. Enim suscipit ratione qui explicabo. Ipsam quae amet est maiores quia in.',0,1,'2010-11-26 08:50:02'),(257,241,14,'Beatae ullam voluptas exercitationem vel magni dolores ea excepturi. Sed eveniet quia delectus aut ipsam recusandae. Numquam laudantium consequuntur sed et maiores autem ducimus. Voluptas officiis aut sed aut.',0,0,'1976-11-26 20:02:47'),(258,346,185,'Cupiditate qui ea officiis amet autem. Sed error quis sunt quia aspernatur amet. Quos perferendis nisi aut reiciendis facere. Nobis et quidem a.',1,0,'1973-08-29 22:11:09'),(259,388,383,'Nemo est repellat quia nam pariatur animi voluptas fugit. Corporis eum in est repudiandae corporis. Sint velit nihil aut est laborum eveniet.',0,1,'2015-05-24 23:20:50'),(260,251,105,'Qui itaque quo ipsam consequuntur molestias consequatur soluta. Voluptates illum amet quo et. Ipsa magni assumenda laborum iste consectetur ducimus in. Quis delectus aut voluptatem sed iste.',0,0,'2012-01-29 15:50:35'),(261,271,41,'Sit ut praesentium in dolor tempora et. Consectetur ut quia laboriosam. Et laudantium molestias aut iste sunt delectus voluptas. Corrupti accusantium hic sed sint delectus ullam.',1,0,'1996-06-15 14:58:21'),(262,391,330,'Dolor velit id molestiae ab. Sint accusamus et voluptatem deserunt consequatur aut neque. Doloribus quod vero omnis numquam repellendus libero. Ut nihil explicabo aliquid mollitia laborum.',0,1,'1993-10-02 13:33:29'),(263,478,399,'Atque rerum amet voluptate ex et quam asperiores. Quia sapiente dolor doloremque qui voluptatem illo et. Non eveniet rem qui sint eos laboriosam.',1,0,'2019-05-16 21:01:42'),(264,60,105,'Est sequi consequatur voluptatem eos dolores enim. Magni ut ut nihil amet qui libero odit. Quis ipsam incidunt aut animi tenetur id recusandae ipsum.',0,1,'2013-10-11 13:06:26'),(265,342,395,'Et voluptatem sed ipsa similique quia. Asperiores illum iure necessitatibus reprehenderit deleniti molestiae sit sunt. Officiis beatae explicabo facere sit ea dolores dolorem.',0,0,'2004-04-13 03:31:07'),(266,448,55,'Sit aut corporis sed. Repellendus rerum consectetur dolorem in dolores et. Blanditiis placeat neque praesentium eum. Nulla sed voluptas suscipit perferendis voluptas omnis labore.',1,1,'1975-11-01 00:17:28'),(267,431,488,'Eos odit voluptatem pariatur asperiores dicta dolore. Rerum corporis culpa perspiciatis a nemo ut. Assumenda dicta cumque minima corrupti necessitatibus.',0,0,'1975-01-27 21:36:12'),(268,149,279,'Voluptatem nobis eligendi rerum odit totam velit. Tempora suscipit provident adipisci et quae. Totam repellat ullam ullam consequuntur. Minus aliquid dignissimos hic accusamus est necessitatibus.',1,1,'2013-11-01 22:42:56'),(269,449,406,'Id esse quaerat maxime laboriosam qui. Est ipsam hic sed ut nihil illum animi delectus. Nihil id eveniet et. Et mollitia dolores dicta eveniet aliquid quia.',0,1,'1994-10-01 12:07:25'),(270,184,201,'Et aut aut ipsum atque provident qui reprehenderit. Autem aliquid ad aperiam consequuntur ullam veritatis. Ut error provident laboriosam unde cum. Nostrum repellat labore quidem odio consequatur enim aut deserunt. Neque eos eveniet est error.',1,1,'1980-11-28 17:12:55'),(271,453,163,'Temporibus corporis nostrum quas consequatur. Odio cupiditate consequatur quisquam omnis aliquam. Aut accusamus sit non ad.',0,0,'1979-08-30 22:47:26'),(272,454,283,'Blanditiis blanditiis nostrum voluptatem quia porro rerum consectetur. Libero qui fuga vel expedita. Cum modi vitae temporibus voluptatum dolorem enim veritatis.',0,0,'2008-02-01 11:52:54'),(273,49,397,'Quo sunt neque necessitatibus aut nulla dolore. Qui odit eligendi in dolores molestiae. Totam tenetur et sunt sint. Ex iusto et quis excepturi. Ea repudiandae numquam aspernatur dolore commodi.',1,0,'2019-07-07 20:19:02'),(274,338,499,'Deleniti esse qui in quod nemo tempora vel. Nemo hic vel dicta ex est doloremque quaerat excepturi. Suscipit quia praesentium voluptas quae quas. Deleniti est molestiae nobis reiciendis assumenda exercitationem.',1,0,'1991-11-07 20:56:23'),(275,479,399,'Eos hic sunt qui odit distinctio vel eveniet. Aut soluta quos ipsa. Ex expedita aut temporibus soluta aut. Qui corporis delectus in vitae.',0,0,'2007-04-18 00:20:22'),(276,55,80,'Accusamus aut ipsum vero rerum. Distinctio aspernatur omnis et minima est omnis. Commodi blanditiis voluptas recusandae. Nam voluptatem mollitia sunt sit ex provident est.',1,1,'1979-06-25 12:11:30'),(277,232,421,'Impedit eum consectetur dolor minima cupiditate delectus recusandae. Quia voluptatem nobis consequuntur blanditiis voluptates. Id dicta non ipsa aut et aut et. Sint accusantium perspiciatis sunt itaque eum.',0,0,'2016-09-12 19:31:19'),(278,408,275,'Blanditiis et cumque error deleniti. Ducimus aliquid recusandae minus fuga vel voluptas. Nisi officia quia et cum.',0,0,'2019-06-26 03:43:36'),(279,151,429,'A nihil sequi ut illum consequatur. Eum ut qui eius quidem. Ipsum ducimus minima rerum velit.',0,0,'1974-06-10 10:25:02'),(280,193,178,'Ea totam quia nemo cum dolorum atque maxime. Ipsum exercitationem officiis dolorem omnis neque sapiente. Ea totam nulla sit ducimus facilis ea itaque.',1,1,'2007-01-19 17:42:17'),(281,310,17,'Dolorem expedita delectus doloremque quia magnam minus sequi omnis. Corrupti temporibus eos fuga omnis id deserunt quod. Ut est ex aut ut aliquam occaecati delectus.',1,0,'1971-02-27 09:15:57'),(282,155,223,'Vitae et ut quas velit. Adipisci consequuntur ducimus sint totam. Aut atque quis voluptatem non voluptates voluptatum unde. Eos vero et laborum delectus ea.',1,1,'1979-11-27 23:10:28'),(283,149,74,'Hic non a dolore. Assumenda libero recusandae expedita similique accusamus voluptatem voluptatem eaque. Voluptas incidunt cumque omnis sit.',0,0,'1974-09-05 19:32:15'),(284,423,393,'Fuga sit qui enim minima voluptatibus sint eos. Repellendus molestias dignissimos at neque tempore.',0,1,'1989-08-28 07:33:43'),(285,196,300,'Eligendi voluptatibus libero cupiditate voluptates ut. Possimus distinctio quasi est quia est. Dolore praesentium ad expedita eveniet consequuntur et quam.',1,1,'2003-01-28 16:38:58'),(286,412,157,'Qui vel quisquam incidunt at. Sequi ut qui illo aut sed. Ea quod quo nihil.',0,1,'2014-12-09 08:52:36'),(287,13,286,'Voluptatem sint sapiente quos voluptatem doloribus. Aut nisi et eum et soluta aut. Qui aut vitae aliquid sint commodi in.',0,1,'1977-12-23 08:10:34'),(288,272,5,'Id ullam dolorem quaerat cupiditate sit reiciendis hic. Alias earum ducimus facilis. Accusamus accusamus commodi et libero enim quis dicta. Doloremque accusantium tenetur molestias inventore eos doloribus.',1,1,'1976-02-14 17:13:26'),(289,266,13,'Eum ipsam fugiat laudantium magni. Non magni quod nobis veritatis ab. Voluptatem at expedita optio. Doloremque ut et doloremque enim sint temporibus.',1,1,'1989-01-13 14:40:47'),(290,463,264,'Minima dolorem quos illo beatae ut explicabo qui. Asperiores voluptas aut ex quidem rerum libero.',1,0,'1984-08-04 05:18:17'),(291,432,367,'Incidunt sint eveniet aut alias eveniet quia est. Deserunt et corporis non.',0,1,'1997-05-10 22:47:58'),(292,39,92,'Assumenda voluptatem eum deserunt quia. Laudantium fugiat quia ab sint dolorem blanditiis. Qui et nisi sit tenetur sit dolor. Qui assumenda accusantium eius et quo quibusdam autem.',0,0,'1978-10-18 18:21:06'),(293,342,436,'Sit soluta illum dolorem. Et nulla nulla saepe iure sit. Aut ea nulla facere rerum rerum voluptas perspiciatis. Atque quasi esse qui consequatur.',1,0,'2009-11-19 18:31:50'),(294,152,454,'Pariatur illo commodi explicabo mollitia dolores eaque cupiditate. Aut saepe voluptas expedita doloribus beatae repudiandae. Ut qui ipsa cumque officia ut sunt. Alias voluptatum nulla harum vitae illo eum expedita eligendi.',1,0,'1994-08-03 19:45:01'),(295,311,193,'Ea aliquid distinctio temporibus accusantium enim quia. Quam facere quam nihil repellat. Sint veritatis et voluptatem culpa consequuntur quibusdam magnam vero. Ut magnam recusandae ad reiciendis nam eius nihil.',0,0,'1973-11-02 06:59:20'),(296,32,78,'Ea atque harum minima temporibus voluptas nihil. Unde et consectetur quaerat voluptatum. In ratione molestiae totam adipisci fugiat aut.',0,1,'1991-08-17 23:02:54'),(297,296,243,'Dolor quia quae natus et sit autem commodi. Voluptatem ratione in perspiciatis nobis enim nam. Eum ipsam sit fugiat tenetur consequuntur.',0,0,'2011-03-07 02:59:41'),(298,329,414,'Sapiente placeat doloremque molestias eum. Et consequuntur atque in reprehenderit aut aperiam. Alias laudantium recusandae et.',1,0,'2017-09-21 11:29:03'),(299,83,174,'Eaque numquam aliquam vel consequatur at placeat voluptas incidunt. Fugit et exercitationem pariatur soluta quod. Quasi quia doloremque aperiam asperiores. Voluptates quas dolores molestias. Sint error ex velit deleniti nostrum alias est tenetur.',0,0,'2015-07-19 12:32:08'),(300,121,81,'Velit officia et autem nisi in nostrum. Repellat et consectetur veritatis placeat aut quasi voluptatem. Nesciunt molestiae dolores doloremque rerum voluptatem.',1,0,'2001-10-13 23:18:46'),(301,44,473,'Quaerat culpa sunt eos iure sed. Amet magni ea et. Praesentium dicta deleniti eaque dolorem magni esse. Voluptatem ut fugit animi.',1,1,'1997-12-03 08:21:50'),(302,234,251,'Non dolor tenetur nisi voluptates ea veritatis iste. Omnis qui hic reiciendis dolores aliquam. Ullam deserunt blanditiis veniam. Natus dolor molestiae maiores molestiae voluptatum. Ratione omnis non dolorem excepturi nobis accusamus.',1,0,'1996-11-20 21:56:56'),(303,13,5,'Iusto ratione facilis doloremque accusamus aut. Et delectus delectus qui recusandae et. Aut eum tempore a quas quis qui sed.',1,1,'2017-06-06 01:22:36'),(304,370,334,'Placeat eveniet perferendis dolorum occaecati aliquid quo debitis. Fugiat dolore quae molestiae aut totam qui. Error vel rerum expedita voluptatum corrupti laudantium consectetur facere. Error vitae ab vel cum id ratione inventore.',1,0,'2017-02-01 15:08:53'),(305,60,299,'Blanditiis tenetur vel accusamus ea et. Iste temporibus non similique eligendi dicta. Debitis a mollitia qui fugit quis.',1,0,'1979-11-10 04:48:28'),(306,313,167,'Perferendis ea ipsa voluptatem quibusdam et voluptatem quam. Porro voluptatem accusamus ut consequatur laborum quia. Dolores beatae cumque omnis cupiditate sit. Et itaque voluptate ullam reiciendis sed.',1,1,'2011-12-23 02:17:34'),(307,394,470,'Non non dolores vero. Fugit nostrum sequi eaque suscipit quia velit. Animi nihil voluptatum vitae distinctio laboriosam pariatur.',1,0,'1992-09-26 22:32:47'),(308,169,434,'Aut qui eum consequatur sit saepe. Repellendus officia tempora voluptas consequatur mollitia sit. Eveniet ad nostrum voluptatem inventore aut voluptatem occaecati.',0,0,'1993-05-01 01:16:23'),(309,286,13,'Ipsum aspernatur repellendus ea vel ut totam odio. Exercitationem fugiat ratione sint eos dolorem est repellat. In quisquam aspernatur eligendi.',1,1,'1999-03-26 07:17:57'),(310,89,395,'Autem non culpa fugiat velit accusamus ea. In enim dolores iste neque commodi. Deserunt enim voluptatem laboriosam et. Delectus voluptas reprehenderit eos nostrum.',0,1,'1980-01-11 09:20:55'),(311,208,354,'Aut ut ab nulla provident voluptatem sapiente culpa. Excepturi aliquid voluptatem quasi tempore ducimus. Vitae vel aut aut incidunt.',0,1,'1980-12-30 09:21:34'),(312,144,160,'Vero repellendus temporibus et ducimus tenetur aliquam facilis laborum. Voluptatem dignissimos nesciunt est ea. Atque voluptatem voluptatum et provident. Omnis nisi et porro est ut.',1,0,'2018-02-18 13:44:51'),(313,368,357,'Nulla doloremque ipsum eum quia reiciendis illum. Laudantium eaque accusamus enim inventore voluptatibus ipsum. Cum facere odio consectetur. Hic suscipit praesentium illum harum laudantium magnam est.',0,0,'2002-10-11 05:44:00'),(314,183,341,'Quia amet velit qui. Dolore expedita sequi rerum.',1,1,'1999-02-21 15:46:27'),(315,157,261,'Accusantium excepturi qui itaque. Illo voluptas nobis commodi vel deserunt maiores. Voluptatem consequatur fuga inventore. Nihil velit cumque eum voluptatem quibusdam hic.',0,1,'1976-09-03 10:26:59'),(316,332,378,'Ab ea ut omnis et aliquam dicta porro. Dicta aliquid porro asperiores est architecto. Dolores ut quidem voluptates dolorem. Iusto labore voluptas et deserunt tempore sed error.',0,1,'1997-06-29 12:11:54'),(317,393,330,'Ut non nisi dolores doloribus voluptatem aut. Rerum libero id et ipsa earum. Vel explicabo aut consectetur dolore.',0,0,'1987-11-23 20:36:27'),(318,473,373,'Sit sint aut nam voluptatem laudantium. Doloribus qui sit nihil vitae fugit. Ex ab dolores modi voluptas eos accusamus et.',1,0,'1986-09-29 13:33:33'),(319,445,13,'Maiores numquam dolor non optio ducimus ut necessitatibus. Ut et molestiae ad voluptas enim ut et. In unde laborum asperiores repellendus omnis. Fuga repellat sint omnis aspernatur cumque.',1,1,'2002-06-30 11:41:01'),(320,201,181,'Quae possimus consectetur qui maiores minus. Esse ut et dolorem qui qui ducimus qui voluptatibus. Possimus beatae dolor aliquid animi illo. Enim saepe est expedita necessitatibus consequatur voluptatem iure. Ea quo recusandae odit.',1,0,'1989-07-30 10:53:34'),(321,303,473,'Laboriosam quia vero tempora delectus sunt. Iste eveniet harum et dolores iure non nulla. Hic voluptatum aut perferendis facere sed est qui. Occaecati impedit et reprehenderit.',1,1,'1992-12-11 03:45:56'),(322,453,345,'Amet est voluptatum ducimus et dignissimos. Molestiae animi veniam omnis placeat consequatur deleniti. Quaerat quia amet amet tempora veniam eum. Aliquam sit iusto est. Nihil animi aperiam architecto dolores qui sed.',1,0,'1986-05-11 01:05:38'),(323,367,298,'Nam minus sunt ut sapiente. Soluta voluptatem hic sed rerum eum dolores.',0,1,'2010-03-22 19:04:09'),(324,391,57,'Dignissimos laudantium nostrum reprehenderit suscipit labore sequi. Id ut dolor eligendi blanditiis quia ut autem. Tempore eum ut occaecati expedita ipsa qui incidunt. Voluptatem quo aut id nostrum.',0,1,'1970-08-21 18:20:56'),(325,114,399,'Explicabo ut consequatur doloremque est blanditiis. Porro in laboriosam praesentium blanditiis officia velit quis. Nihil labore numquam et ad iste.',0,0,'2019-02-27 04:15:57'),(326,153,66,'Eum in explicabo quisquam assumenda iure. Cupiditate in dignissimos et eaque quia facere iste. Qui repellat odit aliquam modi nesciunt sit sunt. Aut et sapiente et omnis.',0,0,'1981-11-03 10:26:54'),(327,371,156,'Voluptates reprehenderit et aliquid aut non et. Quod ut error quaerat animi est quasi. Aliquid quae voluptas tenetur placeat.',0,1,'2017-01-29 17:02:54'),(328,165,358,'Ullam atque fugiat minus consectetur recusandae aut. Ipsa ut expedita debitis quia necessitatibus natus commodi sit. Consequatur ut est vel consequatur molestiae aliquam. Perferendis aut harum suscipit consectetur ullam. Aliquid ipsa quibusdam quam laudantium omnis rem voluptatibus eum.',0,0,'2009-06-26 15:36:58'),(329,295,401,'Voluptatem fuga sint omnis autem minus. Nostrum consequatur aperiam placeat consectetur non ab et. Aspernatur vel totam voluptatem. Aut doloremque quae hic consequuntur adipisci tempore.',0,0,'2010-02-22 17:27:29'),(330,118,385,'Voluptas voluptate sequi non hic ea. Et molestiae ut quas in. Enim esse quod et tenetur distinctio delectus inventore.',1,1,'2003-10-05 12:56:03'),(331,74,213,'Mollitia qui excepturi similique officiis consequatur quo qui. Sint voluptatum fugiat similique molestias sed. Incidunt cum id aliquid eligendi voluptatem. Et iure labore fuga sit.',1,1,'2012-05-12 21:29:35'),(332,342,70,'Ut ullam harum nemo. Debitis aut occaecati illo delectus. Qui laborum enim tempora eum soluta impedit.',1,0,'1992-11-10 13:16:53'),(333,326,417,'Voluptatibus sunt aut mollitia mollitia aspernatur. Quidem officiis ut distinctio placeat. Molestiae ut maxime sed ipsam.',1,0,'2011-12-04 17:56:27'),(334,109,293,'Neque dolor quo ut. Iure aspernatur eligendi voluptatum perspiciatis qui. Ipsam in et doloremque occaecati.',1,1,'1981-08-12 22:15:34'),(335,136,302,'Velit est suscipit enim perferendis veritatis ipsa. Ut rerum ut rerum et sit. Quasi magni omnis quam est error qui.',0,1,'2016-10-09 05:19:27'),(336,99,90,'Reiciendis ut exercitationem nesciunt minima qui earum est eligendi. Eum est doloremque qui vel ratione et consequatur ab. Quam cupiditate saepe quis qui atque aut delectus. Debitis optio cupiditate deserunt et qui fuga.',0,1,'2007-09-27 23:26:41'),(337,151,486,'Ad quis quaerat perferendis soluta optio. Eligendi aut consectetur at. Et deleniti libero aperiam cupiditate. Perferendis magni voluptatem maiores illo adipisci.',0,1,'1990-12-17 22:19:39'),(338,475,418,'Provident cum doloremque reprehenderit fugiat ea sunt dolores. Sit ad sed facilis ipsa hic magni. Et omnis sequi voluptatibus enim laboriosam.',0,1,'2007-07-22 04:21:09'),(339,165,72,'Voluptatem laborum nostrum itaque cum eum dolore. Impedit repudiandae quidem et accusantium eligendi. Sapiente molestiae perspiciatis ullam illo laudantium enim amet. Perferendis omnis quis dicta saepe debitis repudiandae.',0,1,'1982-11-13 10:06:04'),(340,362,96,'Et quidem est quia non. Ex temporibus libero et suscipit. Rerum neque nihil repellat esse tempore. Odio dolores recusandae perferendis dolore totam velit.',0,1,'2005-08-19 23:14:13'),(341,391,169,'Ut debitis quibusdam iusto qui sed sit et. Incidunt ipsum non aspernatur cumque aspernatur quasi labore. Quidem beatae quo reiciendis accusamus molestias odit numquam. Praesentium facere porro rerum.',0,0,'1980-09-24 17:59:00'),(342,169,340,'Illo est voluptatem magni deserunt reiciendis aperiam. Sit sit ut labore voluptates cumque deserunt maxime. Ducimus dolorem repudiandae iusto animi consequatur.',0,0,'2017-11-29 08:42:57'),(343,193,442,'Incidunt in corporis magni quia. Beatae sequi reiciendis libero quos. Velit praesentium temporibus blanditiis ea eius non. Et suscipit maxime mollitia quia.',1,0,'2002-03-27 00:21:37'),(344,133,339,'Eveniet quas neque porro quos et nostrum voluptates dolores. Officiis nihil nobis et nostrum omnis enim ut.',0,1,'2001-07-25 00:01:38'),(345,293,448,'Ea est qui aut et non atque voluptates. Dolores quia mollitia vel ut eum. Ea placeat sed optio fugiat quis et.',1,1,'1989-10-20 20:49:47'),(346,361,460,'Aut ut officiis dolorum. Labore animi hic et enim doloribus commodi. Possimus blanditiis quia rerum provident. Fugit quis cupiditate veritatis est. Rerum ut quia occaecati neque est laborum.',0,0,'1999-05-10 17:46:19'),(347,217,205,'Sed accusantium consequatur est aut qui incidunt ducimus. Ex est incidunt magnam non et unde nihil ad. A occaecati et nam perferendis voluptas rerum qui deleniti.',1,0,'1993-05-27 23:11:55'),(348,372,243,'Voluptatem voluptas sint voluptas quas aut. Eos est enim dolorem quis et omnis. Non et fugit et nihil natus sint totam labore. Amet tempore tenetur dolores quia mollitia quia.',0,1,'1991-09-30 22:08:02'),(349,102,280,'Ipsam voluptatem explicabo sint nulla. Asperiores sapiente et ut. Et repudiandae autem molestiae odit. Officiis praesentium eum omnis molestias accusamus. Quas atque illo illum ullam qui.',1,1,'2014-11-19 09:58:09'),(350,91,117,'Sed nemo id eius perspiciatis repellat. Enim doloremque et laudantium et labore distinctio sequi. Nihil voluptatem omnis fugiat omnis. Perferendis eos magnam minima accusantium.',0,1,'1992-11-21 10:16:48'),(351,309,193,'Voluptate neque omnis et iusto nemo rem. Autem dolor omnis non in ratione dolorem. Nihil unde voluptatem exercitationem nihil non placeat quam. Consequatur pariatur ut veniam optio.',1,1,'1972-10-28 00:21:16'),(352,40,120,'Consectetur quis nesciunt earum sequi quas accusantium facilis. Et enim pariatur asperiores blanditiis est et. Cupiditate molestiae illo dolor maxime rerum. Velit consequuntur mollitia repudiandae voluptatem quisquam laborum quo explicabo.',0,1,'1993-12-21 20:03:28'),(353,480,37,'Minus ea mollitia quos laudantium odio voluptas in. Sequi ea repellendus aperiam ea pariatur. Rerum voluptates enim iure corrupti.',1,0,'1974-03-04 12:11:54'),(354,248,126,'Est mollitia sed saepe. Minus necessitatibus voluptate impedit sed non velit numquam molestias. Non repellat ipsa laboriosam quos molestiae.',0,0,'1996-11-05 17:16:37'),(355,388,60,'Omnis natus voluptas molestiae et. Sequi consequuntur consequuntur vero sunt nihil sapiente veritatis. Reiciendis illo esse nobis natus dolore.',1,0,'1986-03-17 20:13:01'),(356,137,5,'Numquam neque quia voluptas quis reprehenderit eum. Est amet beatae quo eum est aspernatur saepe quasi. Quia hic provident et et sed ipsum commodi.',0,1,'2014-06-14 11:28:24'),(357,114,53,'Enim rerum nulla dolorum dolorem debitis quas magni. Minus accusamus earum laboriosam et qui. Consequatur ipsam quo perferendis voluptas iusto nostrum nostrum vel. Labore delectus dolorem consequatur eligendi animi mollitia aspernatur vero.',0,0,'1982-12-10 00:53:20'),(358,425,462,'Repudiandae iste facilis ipsa veniam. Numquam est at minus aliquam ut unde ut. Qui incidunt rerum quia aliquid sint qui et aliquam. Et nobis fuga voluptatem neque eius autem facilis.',1,1,'2007-10-02 01:09:57'),(359,37,297,'Est aut nam nostrum et aut et qui non. Non ipsam qui totam quod. Sequi et cupiditate voluptates expedita velit accusamus.',0,1,'1996-07-02 04:39:38'),(360,375,483,'Repellat qui non ea. Veniam ratione quis vel eligendi qui temporibus optio. Qui quia reprehenderit blanditiis aliquam et voluptates et.',1,1,'2004-04-19 07:47:35'),(361,290,499,'Natus accusantium sed beatae expedita reprehenderit. Libero fugit deserunt aliquam. Reiciendis veniam illum impedit totam doloremque.',0,1,'2003-08-06 22:51:32'),(362,124,123,'Aperiam enim molestiae facere repudiandae. Nihil dignissimos dolor enim dolorem tenetur velit. Similique dolor qui et voluptate perspiciatis et id.',1,1,'1996-07-22 15:32:06'),(363,243,345,'Illo perferendis inventore ut sit suscipit ipsa mollitia nihil. Nesciunt corrupti asperiores quo id aut dolores sint.',1,0,'1985-04-17 11:46:30'),(364,495,438,'Sunt quo quidem fugiat et. Nemo sed commodi omnis et omnis ullam velit in. Sunt perferendis maiores suscipit ullam maiores quaerat facere. Odit et explicabo aspernatur consectetur.',0,1,'1985-08-28 08:42:14'),(365,208,222,'Est in veniam dolores laborum. Officia eum quas quae non illo vero ex voluptatem. Harum aut corporis eum qui quia. Maxime iure ut minima qui molestias commodi.',1,0,'1989-07-19 08:13:45'),(366,488,274,'Sequi non et quis molestiae illum error sit. Cum molestiae et molestias veniam temporibus doloribus. Laudantium aut consequatur assumenda. Amet beatae aut sed sint sed sit et vel.',1,0,'2015-03-14 23:45:39'),(367,405,200,'Aut ex et maxime neque eum aut. Illum qui est velit magnam ea debitis. Architecto possimus velit voluptatem.',1,0,'1989-08-29 08:45:27'),(368,287,333,'In et consequatur tenetur. Et consequuntur minima ut. Non necessitatibus dolorum enim provident est. Et sunt aut vitae inventore error.',1,0,'1999-02-10 04:45:25'),(369,304,22,'Odio officiis delectus eum qui nam expedita fugiat quisquam. Qui ipsam labore quo voluptatem. Ipsam voluptatum consequatur beatae pariatur voluptas quia. Ut molestiae laudantium doloremque voluptatem ipsam distinctio.',0,1,'1976-08-03 08:52:15'),(370,198,423,'Ab voluptatum distinctio et beatae veritatis qui recusandae repellat. Eum ut voluptatum aut ex similique aut distinctio. Laboriosam hic velit ullam eum. Quos dicta doloremque et laudantium in.',1,0,'1993-02-27 22:29:26'),(371,18,322,'Et omnis aut qui consectetur saepe doloribus. Nobis rerum consequatur animi magni. Maiores quod similique dolores culpa nostrum dicta esse.',0,0,'1998-12-24 09:03:59'),(372,55,310,'Et omnis officia voluptatem aut totam. Exercitationem omnis facilis saepe quos quia. Cupiditate corrupti in harum eaque et. Porro possimus et cum eveniet.',0,1,'1993-10-06 23:44:29'),(373,384,491,'Quia corporis ut ut ut quae debitis doloremque est. Non ratione consequuntur laborum aut repudiandae nihil tenetur non. Fugiat sint dolor consequatur est. Nostrum quos aut optio dolor accusantium est.',0,0,'1982-11-26 11:57:38'),(374,301,33,'Quis officia dolore ex ex sequi ab. Deserunt et fugiat voluptas et iste molestiae. Quos nemo vitae omnis architecto. Labore aut voluptatum dolores consequatur distinctio hic velit.',0,1,'1977-01-08 18:50:54'),(375,259,198,'Id repudiandae reprehenderit autem sed qui nam possimus. Suscipit tempore et et libero explicabo. Non ut eveniet numquam est. Explicabo quae voluptatem ex est.',1,1,'1976-08-05 07:39:39'),(376,210,458,'Occaecati corporis minima non et sed reprehenderit consectetur. Nihil perferendis expedita et earum.',1,1,'1986-08-26 23:03:57'),(377,157,412,'Facilis inventore ex labore soluta est. Harum cupiditate dolorem libero et dicta. Rerum omnis reiciendis aut ea ipsum et ut. In fugit odio laboriosam occaecati cum.',0,0,'2019-01-11 23:10:17'),(378,89,207,'Cupiditate sint impedit minus. Autem dolorem fugit quisquam qui laudantium et. Incidunt nobis suscipit natus deserunt doloremque deserunt. Sed a ratione est occaecati omnis provident libero.',1,0,'2017-02-20 04:04:03'),(379,270,226,'Rerum ut qui consequuntur nihil molestiae ipsum dolorem quod. Pariatur expedita quam autem natus facilis autem.',0,0,'1977-03-01 01:18:22'),(380,318,415,'Accusantium ut corporis voluptatibus voluptatem. Quidem non ut rerum dolor et molestias.',1,1,'2002-07-26 01:35:42'),(381,118,347,'Iste sed iusto at et harum. Facere explicabo ipsum dolor. Veritatis aut laborum dicta.',1,1,'1974-11-24 18:55:58'),(382,379,354,'Dolorum occaecati sint incidunt nulla facilis. Ut provident officia magnam iure et impedit veniam. At at impedit sit vel vitae quos.',1,0,'1983-09-01 17:51:05'),(383,134,104,'Nihil voluptatem quidem voluptas consequatur optio. Accusamus quo nostrum autem vel a quia dicta. Ullam voluptatem eius laudantium sit. Aut soluta atque voluptatem harum.',0,0,'1986-03-13 03:06:36'),(384,120,289,'Vero qui laboriosam qui asperiores pariatur dolor. Libero officiis voluptatem et non placeat sit. Consequatur aut blanditiis rem accusamus aut.',0,0,'1981-10-28 10:26:13'),(385,83,46,'In voluptatem maxime dicta in minus eos reiciendis. Eum sit officiis vel quia ad velit doloremque. Eos fugiat commodi id quas accusamus corporis reiciendis iste. Qui suscipit corrupti incidunt officia et praesentium qui. Odio autem est perspiciatis tenetur.',1,0,'1990-10-23 13:59:46'),(386,483,276,'Et corporis et esse nostrum quia repellendus. Omnis et quidem tempora dolorum. Qui voluptatem rerum placeat soluta aperiam eum eaque.',0,1,'1994-04-12 23:04:49'),(387,428,314,'Et libero aut quidem ut esse. Delectus quo rerum pariatur quo. Officiis ut dolorem ut amet et dolorum nihil. Nobis amet delectus facilis repellat natus.',1,1,'1995-04-24 23:50:51'),(388,286,488,'Dolores ab temporibus aut voluptas officia doloremque sit. Consequatur explicabo eaque dolore quasi. Et autem aliquam temporibus inventore. Quae quia sapiente impedit voluptates deleniti maiores vel.',1,1,'1973-05-02 23:08:45'),(389,82,446,'Quos molestiae exercitationem ab sit. Sint occaecati laborum error recusandae ab sed ducimus. Fugit laboriosam sunt rerum voluptates.',0,1,'1980-11-28 23:57:58'),(390,484,82,'Aut veniam excepturi libero cupiditate. Dolor fugiat est enim nostrum quasi consequatur quia. Autem aliquid itaque cupiditate ut molestias. Voluptates voluptas vel cumque quia provident et rerum.',0,0,'1991-03-22 13:24:43'),(391,457,40,'Magni et sit velit reprehenderit et harum hic perferendis. Vitae rerum adipisci velit sit eveniet. Quia officiis autem velit voluptas dolorem assumenda.',1,0,'1999-01-30 23:19:54'),(392,328,18,'Fugiat quas blanditiis est consequuntur omnis quos adipisci. Beatae dolores non occaecati voluptatem. Odit ex culpa ex quis dicta. Aliquam et inventore veritatis facilis.',0,1,'1989-07-31 08:37:53'),(393,106,474,'Voluptatem nihil doloribus quasi veritatis sint eveniet. Atque perspiciatis non debitis nisi. Veritatis vel autem dignissimos impedit. Libero et nemo hic provident.',0,1,'2005-04-17 05:34:44'),(394,13,336,'Eligendi ut et et enim aperiam sit. Ut dolorem perferendis vero aut consectetur excepturi.',0,1,'2015-06-25 10:55:08'),(395,13,118,'Neque exercitationem aliquam aliquid. Soluta animi consequuntur velit odio quod. Est quia dolorem rerum et hic magni sequi qui.',0,1,'1996-08-19 00:26:51'),(396,12,206,'Dolor est impedit ad aut consequatur totam nostrum. Et sed quas aut omnis alias. Perferendis minus vel voluptate voluptatem placeat.',0,0,'2006-05-16 21:17:19'),(397,493,347,'Sapiente animi tenetur voluptatem aut. Neque ea alias earum consequatur velit reprehenderit. Illum vel aut fugit iusto voluptatum. Ex est consequatur quasi est aut aut vel vel. Nemo quidem rerum numquam voluptas esse aut quibusdam.',1,1,'1987-07-24 21:06:04'),(398,255,235,'Et aut in impedit aliquid minus ut ea. Vero esse eaque ipsam atque sed inventore perspiciatis. Id accusamus molestiae dolore cum natus facilis veritatis.',0,1,'1988-08-26 10:01:57'),(399,409,341,'Quaerat et et architecto inventore et. Ut quis voluptate nostrum quod fugiat. Et laboriosam amet quibusdam sit explicabo qui nihil. Illo sint ut sint nesciunt sapiente inventore.',1,1,'1988-01-07 20:11:25'),(400,476,355,'Est et rerum omnis nobis neque cumque sint. Molestias quia tempore eos eius magnam qui. Eos eaque saepe quos est quisquam voluptatum pariatur. Ducimus voluptatem est autem eum asperiores placeat.',1,1,'1994-10-11 14:17:40'),(401,347,168,'Dolorem debitis nemo et dolorum nesciunt porro. Alias ut incidunt reprehenderit et tempora quia qui nemo. Tenetur recusandae impedit cum velit maiores qui. Fuga rerum atque harum aut ab consequatur.',1,0,'1984-12-16 01:58:48'),(402,301,499,'Et dolorem rem quas ipsa dicta numquam quis. Minus voluptatem asperiores omnis eius eos dolor veniam ea. Aliquam est esse aspernatur.',0,0,'1973-06-18 06:04:35'),(403,90,454,'Adipisci magnam culpa omnis repellendus voluptate. Sed et esse aperiam illo sed maxime sint hic. Aut voluptate est suscipit eum sint aut maiores.',0,0,'2003-01-30 10:38:13'),(404,1,143,'Enim et cupiditate inventore repudiandae asperiores rerum architecto officia. Harum ducimus tempore eos nulla. Ut eveniet vitae et et. Voluptas corrupti cum voluptatem recusandae tempore magnam.',0,1,'1972-05-22 14:12:31'),(405,212,129,'Error iure aliquid placeat quo nulla earum nam id. Alias illo quia placeat voluptas maxime. Nulla sed libero ipsam et explicabo qui culpa est.',0,1,'2003-03-13 19:28:16'),(406,9,157,'Sint qui velit nam nesciunt ut. Aliquam ut amet temporibus sed. Possimus nisi praesentium nulla hic.',1,1,'1973-07-06 04:37:24'),(407,258,317,'Accusamus placeat unde animi ut. Ut et consequatur fugit vel velit deleniti sequi alias. Animi qui est quisquam quo.',0,0,'1994-01-23 10:57:39'),(408,312,13,'Sint inventore a nulla cum doloremque optio quasi. Qui maiores impedit quo sed culpa non rem. Quisquam consequuntur minus velit et dolorem quae quo enim.',1,1,'1971-10-22 01:12:19'),(409,99,175,'Nisi nesciunt consequatur consequatur reprehenderit voluptate iusto temporibus. Nam minus et nihil non mollitia et rerum asperiores. Accusantium cumque aut nam eligendi maiores quis ex. Dolores quasi qui sit et. Odio ut iusto impedit libero tempore laudantium tenetur.',1,1,'1983-07-31 17:00:27'),(410,77,358,'Necessitatibus consequuntur error ex. Omnis ex harum illum sint aut incidunt repellat enim. Id et magni molestiae et cum aliquam.',1,1,'1989-07-19 05:11:52'),(411,57,214,'Facere dolorem accusamus beatae aspernatur expedita accusamus nam. Quis fugit eveniet quis. Possimus reprehenderit veritatis incidunt nostrum et dolores magnam. Id aut sed omnis qui soluta ea similique.',0,0,'1996-03-03 12:40:34'),(412,395,336,'Explicabo dignissimos in laudantium qui. Tempore eaque corrupti provident nostrum.',0,1,'2018-03-01 20:35:18'),(413,492,451,'Harum ipsum laudantium itaque. Nisi velit voluptas fugit nihil molestiae. Saepe dolorum adipisci repellat quasi debitis non repellendus aspernatur. Similique dolorum nesciunt aut recusandae.',1,1,'1999-09-02 05:16:47'),(414,279,43,'Sunt dolor dolorem aut qui quas aut. Eveniet voluptates autem fugit placeat quisquam libero. Dolor provident repellat et pariatur eos quod qui. Quos repellat qui saepe aspernatur voluptatibus.',1,1,'2001-12-14 18:52:54'),(415,377,254,'Maiores necessitatibus molestias voluptatem architecto reprehenderit explicabo. Voluptatum unde rerum rem totam amet. Odit perferendis repellendus ut voluptatem laborum in dolore. Officia nemo ex harum maiores placeat vel et.',1,0,'1999-07-24 22:09:36'),(416,138,430,'Nesciunt et quasi est sed velit ratione. In corporis molestiae id impedit eius velit officiis. Reiciendis soluta eveniet beatae saepe. Accusantium tempore odio ut enim consequatur officia.',0,1,'2004-02-25 21:55:04'),(417,236,387,'Nesciunt recusandae et incidunt est omnis laudantium eligendi velit. Eaque quia quis et natus aut voluptatibus. Aut quia eos facilis. Atque a in odit.',0,1,'1992-12-01 07:46:39'),(418,229,484,'Tempora quis omnis quo quae est necessitatibus excepturi. Ut et non libero est et pariatur iste. Praesentium aut temporibus facilis reiciendis. Sed hic cum illo.',1,1,'2010-07-31 17:53:34'),(419,232,209,'Numquam inventore voluptatem et fuga sit dolores facilis. Et iure quia blanditiis fuga et necessitatibus. Magnam voluptatum impedit omnis ad maiores. Quidem et in itaque magni quis neque tenetur. Eos non occaecati omnis praesentium labore ipsa.',1,0,'2019-05-24 14:23:07'),(420,347,110,'A fuga sit quo ex. Sunt assumenda maxime assumenda quidem et consequuntur sint sed. Voluptas totam quo officiis repellendus non in possimus beatae. Nobis fugit eum dolores est.',0,1,'2007-09-20 11:37:42'),(421,5,197,'Qui alias ad nostrum sed quasi sit. Deleniti enim dicta et ut veritatis voluptatem animi. Error molestias et non suscipit dolorem ratione quia.',0,1,'1985-05-16 08:38:59'),(422,471,260,'Quo error facilis laboriosam sit eos. Molestias voluptatem in aut ad dignissimos fuga. Cupiditate quae et rem doloremque ea quibusdam in.',1,0,'1977-03-28 02:40:51'),(423,389,162,'Aut incidunt qui velit. Non eius velit provident sit sunt voluptates.',1,1,'2000-01-05 07:58:18'),(424,144,233,'Rerum deserunt ipsum fugit dolor sunt distinctio. Qui sed aut eum qui iusto omnis cumque. Consectetur sed distinctio dolores doloremque debitis tempore.',1,0,'1996-05-08 03:01:12'),(425,235,472,'Qui repellat magnam ut explicabo eius laboriosam excepturi ut. Et sed architecto sed consectetur distinctio culpa ipsam. Dolores dolore itaque assumenda quisquam ea. Alias ab enim ratione cupiditate voluptate.',0,0,'2012-03-20 03:38:01'),(426,157,369,'Eum dolorem eum qui quo qui rerum qui. Esse perspiciatis ut labore. Fuga nihil tempora hic quam omnis sapiente. Natus modi id neque omnis.',0,1,'1984-08-30 16:52:28'),(427,374,262,'Nulla voluptatum sit ut doloribus quaerat sint voluptatem. Velit est vitae inventore tempore. Sed omnis voluptas ipsum voluptates consectetur commodi quo. Deleniti perferendis repellat nihil quo non ad repudiandae.',1,1,'2017-04-30 19:57:30'),(428,185,140,'Nemo rerum sed est iste omnis eum enim mollitia. Ab vero distinctio alias fuga. Tenetur voluptatem voluptatibus impedit quis voluptas et aut. Reprehenderit voluptatem eum saepe autem voluptas.',1,0,'2009-01-27 23:39:30'),(429,146,307,'Beatae perspiciatis natus corporis tempora aut. Fugiat veniam impedit corporis fugiat. Autem in eos maiores id.',1,1,'1979-01-19 17:30:34'),(430,99,74,'Pariatur illo pariatur corporis illum delectus similique omnis. Rerum nostrum aspernatur saepe qui. Nobis dolores sed tempora mollitia sit qui et harum.',0,0,'2007-08-02 20:18:00'),(431,70,127,'Et assumenda ad amet ut architecto assumenda. Id sed vero et itaque. Consequatur maxime tenetur consequuntur omnis.',0,0,'2018-03-17 06:11:21'),(432,427,252,'Pariatur et placeat reprehenderit non molestias vel. Dicta ratione quam et sed quam alias. Iure voluptate quo aut quisquam.',0,0,'1999-05-17 17:46:25'),(433,477,131,'Voluptate explicabo corrupti et sed et ea. Ipsum ex rem nobis ut sunt qui.',1,0,'1990-10-14 13:31:37'),(434,222,215,'Atque consectetur qui possimus tempore quos et. Error voluptates maxime earum labore. Mollitia voluptate repellat eligendi laudantium consequatur. Voluptas quia quam voluptatem quae molestiae similique est.',1,1,'1995-06-11 14:04:18'),(435,410,405,'Et velit ad deserunt. Ut explicabo et necessitatibus ut.',0,0,'2015-08-26 21:37:10'),(436,294,253,'Aut omnis sunt velit molestiae. Cum dolores iusto sed enim ipsam.',1,0,'2018-11-20 07:14:18'),(437,385,164,'Molestiae enim impedit saepe cum iure est. Esse est accusantium ut.',1,1,'2016-12-19 10:47:28'),(438,165,333,'Aut aut odio non veritatis. Ad culpa consequatur sit quae alias. Iure dolore omnis error. Consequuntur maiores qui laboriosam cum repellat.',1,1,'2005-09-29 13:55:28'),(439,168,340,'Dolor modi nostrum minus saepe ut iste. Culpa facere molestiae enim officia eius voluptas. Nam vitae earum nulla iure et quo. Corrupti minima id sequi error ullam fugit aperiam.',1,0,'2012-01-29 18:59:26'),(440,196,461,'Soluta voluptatum placeat vel optio. Minima molestiae saepe consectetur est exercitationem nemo dolores minima. Cumque eum rem ea consequatur.',0,0,'1970-04-04 10:24:40'),(441,217,203,'Voluptate laborum laboriosam et et cum. Voluptas aperiam aspernatur nemo. Sapiente dolorem atque ipsam vitae architecto tenetur ut. Dolorum voluptates harum nemo consequuntur voluptatem.',1,0,'1987-07-29 11:39:05'),(442,360,193,'Est quia aut quibusdam. Et sit et quasi sed.',0,0,'1971-11-30 04:45:48'),(443,384,340,'Totam consectetur voluptas voluptatem qui ut quia. Dolorem qui ut animi odio dicta enim. Incidunt illum unde nam ipsam earum fuga atque.',0,0,'2016-09-05 21:15:34'),(444,48,218,'Est ea autem tenetur culpa nobis cum sit harum. Quisquam voluptas aspernatur facilis et tempora eos at. Ut fugiat et impedit adipisci.',1,1,'1978-03-07 15:02:50'),(445,446,78,'Quia molestiae dolorem beatae aut provident quis aut veniam. Magni et aut nemo laborum doloremque molestias. Accusantium est beatae tenetur dolores ut. Ut impedit ad deserunt fuga voluptatibus.',0,0,'1999-01-30 17:51:41'),(446,48,8,'Eos nihil velit quisquam debitis qui. Consequuntur explicabo sed libero ducimus nihil eligendi. Quis est eum debitis natus dolore voluptas. Aliquam velit odio et aut illum consequatur.',0,0,'2018-04-12 10:42:11'),(447,396,454,'Dolore eius facilis voluptas sequi consequatur ut. Ratione nostrum repellat non quod magni eligendi. Mollitia ullam id deleniti vel. Voluptas aut ullam consequuntur ea distinctio omnis.',1,0,'2000-04-03 18:48:39'),(448,81,43,'Et et sint qui illum dolores nobis. Non quia molestias aliquam recusandae aut. Adipisci eos et consectetur est.',1,1,'1981-10-08 02:49:01'),(449,472,229,'Nostrum nihil ut beatae qui. Numquam a dolores qui voluptas soluta praesentium.',1,1,'2004-04-10 10:35:12'),(450,231,464,'Alias et nulla nihil. Eaque commodi quaerat id recusandae vel. Et nesciunt at ex culpa nobis.',0,1,'2004-10-04 17:05:12'),(451,130,257,'Rerum explicabo illo et animi dolores qui. Consequuntur corrupti illo rem blanditiis magnam aut. Omnis porro magni blanditiis molestiae nobis adipisci maxime.',1,1,'1970-06-27 21:14:04'),(452,393,194,'Quo dolorem mollitia veniam itaque molestiae quidem officia. Rerum nemo facilis qui at sed. Debitis quos saepe asperiores provident deleniti rerum.',0,1,'1998-02-09 02:44:19'),(453,289,365,'Voluptate nam eveniet minus blanditiis enim eaque eos. Odio eligendi aut animi. Qui dolorem quia ut sequi omnis asperiores.',1,0,'2010-03-28 02:07:04'),(454,455,180,'Non deserunt officiis a possimus sed. Et modi vel amet aliquam rem blanditiis. Fugit inventore quo repellat laboriosam omnis.',1,1,'2012-05-07 07:08:55'),(455,36,140,'Hic nam quia alias animi labore autem. Quod ab non reprehenderit nulla non. Et minus tenetur distinctio sed neque quia. Officia asperiores perferendis quia hic eius aut et.',0,0,'2008-02-13 07:28:48'),(456,93,42,'Voluptas dolores qui dolorum sapiente iusto ut. Omnis odio aspernatur explicabo minima nulla aliquid est. Non provident laboriosam qui sit.',0,1,'1998-01-16 19:24:58'),(457,430,23,'Quibusdam dolores repudiandae sed ut accusantium earum mollitia ratione. Animi architecto hic sit nesciunt ipsum. Rem quibusdam non quis. Dicta autem illum unde.',0,1,'1993-12-16 17:15:36'),(458,327,65,'Iste sed quia corporis dolorem soluta. Necessitatibus soluta perferendis ea pariatur aut est autem. Facilis nesciunt necessitatibus pariatur id.',0,0,'1970-05-30 01:34:42'),(459,341,13,'Ducimus consequuntur nisi quia dolores voluptatibus tempore praesentium. Error aut omnis temporibus officia assumenda assumenda. Ut pariatur doloribus pariatur quis facilis cupiditate.',1,1,'1995-02-05 22:35:41'),(460,40,160,'Quaerat fugit porro distinctio enim ullam non velit. Nulla magnam natus optio. Laudantium dolores consequatur facere dolores eius culpa non aliquid. Qui deleniti consequatur qui eius.',1,1,'1974-12-21 17:55:02'),(461,181,422,'Saepe consequatur in cum esse maxime. Repellat nisi iste et. Nulla voluptas fugit est in voluptate dolor. Sit fugiat enim dicta labore et sunt quo. Dolor maiores suscipit vel qui.',1,1,'1983-08-10 12:23:31'),(462,68,75,'Quaerat nihil culpa id. Nulla qui molestiae commodi dolor.',1,0,'2010-02-11 19:07:31'),(463,168,116,'Aspernatur qui placeat soluta repudiandae architecto dolores iure. Quod consequuntur dolor alias repudiandae asperiores minima. Aut aperiam quos numquam dolore.',0,1,'1987-02-03 19:48:04'),(464,76,31,'Aut qui totam recusandae fugiat voluptate dolorem quia. Et tempore explicabo aut consequatur. Earum accusantium ratione dignissimos est ipsam. Excepturi sed qui et et cum.',0,0,'1982-02-06 05:24:58'),(465,428,47,'Fugiat sequi eum nobis sequi nihil. Nobis ipsa aut explicabo quia. Est quos molestiae consequatur ut voluptatem excepturi.',0,0,'1990-06-09 11:30:22'),(466,450,108,'Et totam et eum. Autem itaque vel nihil qui consectetur vitae. Et sit dicta mollitia sapiente quis quia veritatis. Aperiam ab quidem minima ex dolor perspiciatis.',1,1,'1999-05-29 13:07:18'),(467,188,115,'Tempore blanditiis autem in quaerat necessitatibus. Optio in minus voluptatum excepturi. Consequatur et eaque ipsum tempore.',1,0,'2000-04-24 10:46:15'),(468,11,211,'Facere dolore rerum perspiciatis laudantium ullam sit dolores. Velit labore qui temporibus in vitae delectus aliquam. Blanditiis aut dolorem aut laboriosam corporis dolores. Et sint aut voluptatem et quasi dolor aliquam rerum.',0,1,'1987-01-05 04:32:39'),(469,20,466,'Temporibus voluptatem exercitationem ad pariatur. Omnis ut nisi harum cupiditate ea voluptates. Velit reiciendis autem est ad fuga rerum. Voluptate corrupti sint vel in.',0,1,'2011-09-06 06:04:25'),(470,269,447,'Vel nobis voluptatem corporis veniam dicta. Dolor iste magni accusamus tempore ex iusto. Temporibus assumenda quam nam quo deleniti sed praesentium.',1,1,'2012-12-07 21:34:41'),(471,429,304,'Quas accusamus excepturi amet similique rerum sed. Numquam provident eos quia sed magnam et libero. Quo numquam aut voluptatem voluptatem minus aliquid doloremque. Laudantium facilis reprehenderit saepe.',1,1,'1970-04-01 06:06:58'),(472,231,244,'Numquam rerum officia maxime est aliquam. Blanditiis earum aut nesciunt a. Sapiente aliquam voluptatem aut.',0,0,'1976-02-15 00:02:07'),(473,13,399,'Quis quibusdam et et culpa minus et. Laborum aspernatur blanditiis doloribus. Id suscipit et nihil quia hic voluptatem. Eius rerum dolore quidem repellat aut sit.',1,1,'1991-09-26 13:26:38'),(474,417,387,'Consequatur beatae eaque ut impedit debitis nostrum. Omnis distinctio ipsam excepturi voluptatum adipisci rerum. Sit aperiam saepe iure.',0,1,'1974-07-26 01:58:27'),(475,184,258,'Nostrum nesciunt aliquid excepturi ducimus est neque deserunt. Nihil hic ea odio suscipit nam. Culpa vitae qui in quibusdam quibusdam. Est qui ea et ratione voluptate saepe enim nostrum.',1,1,'1996-02-25 03:20:21'),(476,238,413,'Debitis velit odio aliquid et voluptatem aperiam odio. Aut voluptatem autem hic eum. Officiis nesciunt maiores sapiente corporis quisquam animi.',0,0,'2006-01-23 13:56:33'),(477,353,26,'Libero nisi omnis doloremque molestiae et magni. Sequi cupiditate debitis dolorum quam consectetur molestiae. Non quia provident nemo. Pariatur ipsum consequuntur est voluptatem.',0,0,'1991-03-04 14:04:29'),(478,71,275,'Enim dolores dolor sed repudiandae et. Id eos accusamus neque harum id molestiae. Quia doloremque doloremque voluptatum quia et expedita. Rerum magni inventore beatae quo in deleniti.',1,0,'2018-09-04 06:37:24'),(479,164,492,'Sed quasi dolores est illum. A laborum incidunt voluptas numquam exercitationem delectus nostrum ut. Deleniti minima enim fuga voluptatum est saepe. In est est illo culpa iusto voluptas aut.',0,0,'2013-05-15 09:39:17'),(480,468,363,'Enim sapiente ut architecto laudantium. Ratione fugiat ut cupiditate aliquam. Et cupiditate enim blanditiis aliquam recusandae odio. Enim delectus molestiae voluptatum odio eum facilis.',0,0,'1988-03-29 21:26:00'),(481,412,471,'Enim modi enim quo maxime. Similique dolorum minima quidem sed omnis laborum. Aut eos ea temporibus totam voluptates ut. Rerum omnis iusto qui aut. Quam est est a qui vero est sit necessitatibus.',0,1,'2019-10-14 17:59:44'),(482,119,181,'In quae voluptates odit modi aut ipsam. Repudiandae sit aut non vero neque illum hic. Explicabo aut cumque odio rerum tempora neque.',1,0,'2011-01-22 03:11:42'),(483,46,189,'Asperiores et quae voluptas. Ducimus pariatur omnis incidunt nihil. Error aspernatur harum excepturi vel omnis dolores. Quisquam at corporis veniam labore commodi.',0,0,'1979-03-14 21:16:49'),(484,305,457,'Libero vel perspiciatis harum voluptas doloremque totam. Assumenda corrupti quas omnis soluta sequi vitae deleniti. A saepe fugiat rerum non debitis.',1,0,'1990-07-14 10:09:28'),(485,370,478,'Asperiores nisi sunt eligendi nulla. Temporibus enim eum velit laborum unde deleniti. Doloremque cum blanditiis quod porro sed incidunt velit libero.',1,0,'1996-07-20 05:58:57'),(486,281,470,'Id deserunt esse vitae et asperiores atque. Facere laboriosam omnis minus. Inventore mollitia vero ut omnis. Culpa fugiat itaque ea voluptas velit vel.',0,1,'2000-10-27 08:19:44'),(487,13,128,'Cum non laborum eius dignissimos placeat sit aliquid. Aut quibusdam sequi cum voluptas dolor a voluptatem. Aliquam error placeat distinctio voluptatibus sint deserunt. Sed esse deleniti aperiam aspernatur.',0,1,'1997-12-01 14:33:35'),(488,114,185,'Necessitatibus voluptates ducimus explicabo sunt. Sequi distinctio distinctio qui aut sit debitis occaecati deleniti. Ipsum et possimus facilis porro eos et occaecati. Rem quia et id sed.',0,1,'2011-05-23 16:39:16'),(489,84,364,'Quo voluptatem omnis quam cum molestiae cupiditate ab. Aperiam voluptates omnis deserunt deserunt voluptatem et at.',1,0,'1992-12-22 07:29:13'),(490,66,237,'Unde sit maxime non libero quod. Quia non sit quae quas maxime. Et sint architecto odit placeat architecto. Rerum ex quidem repudiandae.',0,1,'1974-05-26 12:48:13'),(491,489,235,'Minus quo illo consequuntur fugit sit autem. Quam nemo optio ipsam qui et enim ipsa laboriosam. Ea ea veniam ut. Magni sint dignissimos quo velit alias.',0,1,'2009-01-12 12:35:05'),(492,204,317,'Labore tempora veniam facere vitae corporis ut. Rem provident quasi aliquid. Omnis aliquam asperiores veritatis tenetur. Ullam iusto dolorum fuga nam harum.',0,0,'1983-06-30 00:13:08'),(493,473,411,'Similique aut earum porro atque aut. Voluptas voluptate id voluptatem impedit assumenda. Amet fugiat et vitae iure voluptates dolorum ut.',0,1,'2013-01-11 23:57:10'),(494,138,454,'Voluptatem eos necessitatibus aut est nisi rem hic. Ducimus accusamus voluptates ratione perferendis. Voluptas voluptatem eum commodi tempore repudiandae quisquam tempore. Quos eum neque suscipit distinctio.',1,1,'1978-08-05 17:29:39'),(495,356,420,'Sapiente quia id nemo ducimus cupiditate cum. Omnis cupiditate expedita velit quae. Voluptate delectus est et non aperiam ut expedita.',0,0,'2004-12-22 10:12:47'),(496,29,386,'Eum id corrupti corporis excepturi. Aut sunt maiores facere ratione molestias sed eos. Et maxime quia et in.',1,0,'1978-04-22 02:22:45'),(497,341,48,'Debitis corporis vel porro qui minus qui. Nobis aut ea veritatis voluptas. Dolores repudiandae hic aut rem repudiandae. Impedit magni adipisci reiciendis magni omnis nostrum necessitatibus.',0,0,'1994-10-21 14:29:07'),(498,216,435,'Minima est inventore quia rerum nulla mollitia. Repudiandae sit et cum et laborum sunt error reprehenderit. Voluptas consequatur omnis rerum est expedita. Tempora veritatis molestiae ipsum ut itaque.',0,1,'2009-05-07 10:52:17'),(499,13,321,'Ratione provident labore quisquam hic. Molestiae voluptas quis molestiae expedita qui. Omnis omnis necessitatibus architecto fugit. Dolorem ut nihil eveniet laudantium.',0,1,'2001-05-01 11:21:17'),(500,13,148,'Ducimus laborum unde magnam saepe molestiae quod porro. Voluptatem qui nam qui sint adipisci. Qui nihil corporis tempore alias et placeat harum sequi.',0,0,'1984-07-08 00:45:24');
/*!40000 ALTER TABLE `messages` ENABLE KEYS */;
UNLOCK TABLES;

--
-- Table structure for table `posts`
--

DROP TABLE IF EXISTS `posts`;
/*!40101 SET @saved_cs_client     = @@character_set_client */;
/*!50503 SET character_set_client = utf8mb4 */;
CREATE TABLE `posts` (
  `id` int(10) unsigned NOT NULL AUTO_INCREMENT,
  `user_id` int(10) unsigned NOT NULL,
  `header` varchar(255) CHARACTER SET utf8 COLLATE utf8_unicode_ci DEFAULT NULL,
  `body` text CHARACTER SET utf8 COLLATE utf8_unicode_ci NOT NULL,
  `media_id` int(10) unsigned DEFAULT NULL,
  `created_at` datetime DEFAULT CURRENT_TIMESTAMP,
  `updated_at` datetime DEFAULT CURRENT_TIMESTAMP ON UPDATE CURRENT_TIMESTAMP,
  PRIMARY KEY (`id`),
  KEY `posts_user_id_fk` (`user_id`),
  KEY `posts_media_id_fk` (`media_id`),
  CONSTRAINT `posts_media_id_fk` FOREIGN KEY (`media_id`) REFERENCES `media` (`id`) ON DELETE SET NULL,
  CONSTRAINT `posts_user_id_fk` FOREIGN KEY (`user_id`) REFERENCES `users` (`id`)
) ENGINE=InnoDB AUTO_INCREMENT=101 DEFAULT CHARSET=utf8 COLLATE=utf8_unicode_ci;
/*!40101 SET character_set_client = @saved_cs_client */;

--
-- Dumping data for table `posts`
--

LOCK TABLES `posts` WRITE;
/*!40000 ALTER TABLE `posts` DISABLE KEYS */;
INSERT INTO `posts` VALUES (1,316,'enim','Eum aliquid recusandae soluta. Nobis inventore vel fugiat incidunt dicta quis explicabo. Eius dolorem perferendis quia ad.',137,'2005-06-27 03:59:03','2020-01-09 17:52:16'),(2,434,'harum','Perspiciatis modi eum voluptates aut. Non quia beatae omnis aut alias. Sint cumque ipsam et facilis occaecati distinctio corrupti. Eos atque ducimus in.',189,'2016-01-05 15:43:54','2020-01-09 17:52:16'),(3,393,'ut','Magnam laboriosam impedit pariatur recusandae. Quod atque quisquam magni itaque mollitia distinctio. Sapiente sit ducimus sed aspernatur sunt.',83,'2016-07-26 08:06:50','2020-01-09 17:52:16'),(4,11,'et','Odio amet rem eum sapiente maxime ea qui. Aliquid enim blanditiis corporis ducimus aut. Qui repellendus ut ipsam tempora eius iste.',133,'2010-03-12 20:09:04','2020-01-09 18:03:16'),(5,192,'rem','Odio atque porro quidem tenetur itaque. Consequatur quasi neque pariatur saepe odit minus.',147,'2011-08-12 11:13:39','2020-01-09 17:52:16'),(6,146,'quibusdam','Nobis nulla explicabo sit quo inventore consectetur doloremque. Nisi laboriosam magni sunt autem error voluptas. Soluta vero est reiciendis non libero facere veniam explicabo.',108,'2006-05-28 02:43:18','2020-01-09 17:52:16'),(7,32,'qui','Praesentium animi eaque et sed. Voluptatem dolor autem numquam aut nostrum dolores. Pariatur nihil voluptatem maxime voluptatem vel consequatur porro.',116,'2011-09-21 20:09:09','2020-01-09 17:52:16'),(8,231,'quia','Autem sit nulla error fugit aut sint praesentium dolorum. Ab ab omnis aut dolorem perferendis et et. Optio vel laboriosam dolor possimus.',281,'2010-07-23 17:10:52','2020-01-09 17:53:43'),(9,375,'fugit','Deleniti provident placeat omnis fugiat ut molestiae aut. Rem ipsa est nulla et molestiae. Sint autem illo assumenda itaque numquam.',8,'2013-04-27 16:36:41','2020-01-09 17:52:16'),(10,197,'inventore','Praesentium incidunt ullam aliquid ad eos iste. Velit et cumque enim temporibus ut quidem. Vel maiores expedita nam.',227,'2014-11-19 03:51:13','2020-01-09 17:52:16'),(11,304,'dignissimos','Autem dolorem et cumque et explicabo dolore soluta. Nihil corporis rerum ut et ratione et. Nisi cupiditate consequuntur perferendis facere architecto voluptate. Rem nihil hic nam et natus.',60,'2003-02-14 15:29:57','2020-01-09 18:01:07'),(12,304,'nostrum','Accusantium ab commodi quibusdam inventore illum. Et sint earum ut at dolore quaerat asperiores. Recusandae rerum ex quisquam pariatur vel. Sequi quia similique repellendus et adipisci.',46,'2012-08-13 23:45:51','2020-01-09 17:52:16'),(13,48,'fuga','Quae qui optio architecto in. Error et voluptatem vel natus. Et et quia delectus accusamus. Ab porro fugiat sunt et eveniet voluptatem. Rerum cumque a aut et rem nobis fugiat.',136,'2011-08-11 16:27:38','2020-01-09 18:03:36'),(14,409,'impedit','Quisquam tempore consectetur accusantium. Ea facilis dolorum est reprehenderit dolor. Illum nam neque et quia voluptatem facilis. Molestiae officia odit laborum quaerat nisi dolore illum quia.',285,'2004-09-19 08:55:59','2020-01-09 18:02:30'),(15,235,'aut','Voluptas consequatur distinctio pariatur consequatur quis. Blanditiis consequatur modi nulla id temporibus id. Dicta molestiae rerum ea et totam eius. Accusamus ipsam distinctio quidem necessitatibus neque. Velit cum ut repellat omnis amet.',259,'2004-10-04 11:43:39','2020-01-09 17:54:16'),(16,118,'perferendis','Maiores placeat earum soluta. Doloremque adipisci rerum aut voluptates. Provident fugiat consectetur et cumque et ut soluta vero.',255,'2018-10-16 09:24:41','2020-01-09 17:57:49'),(17,98,'iste','Saepe velit deleniti ut numquam natus. Cumque dolorum quasi ipsum eos. Repellendus cum neque velit voluptatem.',157,'2006-01-02 15:33:42','2020-01-09 18:01:14'),(18,258,'quo','Saepe mollitia quia commodi laboriosam. Cupiditate saepe in est ducimus. Quia labore dolore sunt eius dolore qui. Consequatur odit vero distinctio molestiae.',1,'2010-05-17 12:45:07','2020-01-09 17:52:16'),(19,413,'qui','Sit libero dicta soluta exercitationem minima. Est consequatur quidem iure vel. Et et velit ab corporis ipsa quis in.',60,'2006-09-18 20:56:02','2020-01-09 17:52:16'),(20,161,'veniam','Autem necessitatibus eveniet magni rem quo similique. Dolorem dolorum similique fuga accusamus in accusantium autem. Dolor a sint est et neque eius.',34,'2009-08-15 07:23:04','2020-01-09 18:01:43'),(21,362,'sint','Et quia delectus molestiae voluptates fugiat dolores sit. Omnis cumque quasi id iste accusantium consequuntur fuga. Quam porro neque praesentium nisi.',259,'2008-10-11 19:20:43','2020-01-09 18:01:35'),(22,88,'atque','Molestiae optio repellendus eaque fugiat laboriosam sed modi perspiciatis. Dolorem harum in distinctio dolore. Quisquam reiciendis exercitationem vero rerum at unde est magnam.',143,'2004-07-20 11:27:22','2020-01-09 18:01:11'),(23,413,'nesciunt','Corporis officiis facilis velit non ut laborum fuga. Aut vero nulla tempore qui nobis.',295,'2003-06-13 23:31:30','2020-01-09 17:52:16'),(24,460,'iusto','Dolor quam quia et numquam voluptatem. Suscipit ipsam vitae repudiandae quo ut et qui dolores. Voluptatibus et voluptas et debitis et maiores aliquid. Dolores quod eius ea corrupti sunt quis dignissimos.',106,'2018-05-06 16:50:53','2020-01-09 17:52:16'),(25,432,'facilis','Repellendus vitae animi expedita est consequuntur. Quo aliquid veniam eligendi ipsa corrupti corporis modi. Dolorem excepturi itaque nam quia veniam eligendi enim. Error quas ad et praesentium ad. Odio et rem optio sint id error.',210,'2006-07-06 04:34:18','2020-01-09 18:02:37'),(26,323,'at','Quia aut velit velit maxime expedita iste voluptas. Cupiditate vel consequatur nobis. Accusamus enim autem atque vero eos saepe tempora.',65,'2004-06-04 19:02:53','2020-01-09 17:56:55'),(27,9,'atque','Laborum itaque sint quia molestiae minima ullam non qui. Nulla dignissimos libero rem reiciendis placeat et porro aut. Quasi non aut et voluptatem ut voluptas sed soluta. Minus distinctio repellat et repudiandae quam hic.',87,'2011-03-23 08:41:17','2020-01-09 17:59:01'),(28,81,'qui','Molestias animi id aut consequatur ea magni. Esse tenetur fuga veniam autem. Soluta labore magni et nihil culpa. Dolores blanditiis odit qui atque sint temporibus quis.',255,'2012-11-17 07:16:39','2020-01-09 17:52:16'),(29,137,'et','Ab error et rerum necessitatibus nesciunt quibusdam ut modi. A labore sit harum aperiam dignissimos. Voluptate omnis est quas dicta illo error. Aperiam quos et consequuntur voluptatem sit laborum. Aliquam voluptates et ad et.',104,'2009-06-24 03:27:32','2020-01-09 17:58:42'),(30,41,'sed','Qui accusamus eum nam distinctio eligendi repudiandae rem. Aut provident amet porro facere eos. Quae porro sint ex facilis nobis occaecati explicabo. Harum asperiores est molestiae veniam et laudantium.',154,'2010-03-25 05:31:05','2020-01-09 17:58:45'),(31,326,'optio','Harum quasi sapiente exercitationem ratione nam. Est nobis in voluptatem. Sunt inventore ex odio et ut ut ut.',174,'2008-03-24 01:06:38','2020-01-09 18:03:02'),(32,251,'asperiores','Culpa minus nulla alias ex dolore maxime ipsum. Adipisci voluptate voluptates voluptatem excepturi quis repellendus provident. Ut molestiae veniam aut aut quis.',9,'2002-10-16 12:42:03','2020-01-09 18:02:17'),(33,266,'officia','Incidunt ut facilis necessitatibus est nesciunt pariatur voluptate. Corrupti quis dolorem sunt occaecati a omnis. Nostrum perspiciatis minus et sapiente et et ratione est.',179,'2010-08-04 14:23:08','2020-01-09 17:52:16'),(34,103,'et','Maiores necessitatibus officia provident ut illum deleniti. Numquam et accusantium omnis laudantium ipsa id. Omnis sit veniam aut. Natus explicabo exercitationem illo doloribus.',111,'2013-10-25 22:39:09','2020-01-09 17:52:16'),(35,428,'officia','Animi laborum exercitationem quod omnis. Ullam facere velit sint distinctio minus. Voluptatem reprehenderit quo esse vitae. Est recusandae dolores rerum saepe.',91,'2002-09-18 16:02:00','2020-01-09 18:01:04'),(36,167,'architecto','Earum et saepe nulla cumque nesciunt et. Fuga ut in voluptatem error debitis exercitationem. Et et provident est facere iusto saepe.',73,'2002-03-19 09:24:29','2020-01-09 17:56:41'),(37,183,'voluptates','Quam ut quis eum reprehenderit voluptates occaecati. Consectetur nobis ab rem sequi ipsum enim perspiciatis rerum. Earum nam hic pariatur debitis cumque. Quod quo in dolores placeat ut possimus quia.',98,'2012-11-15 01:08:00','2020-01-09 17:52:16'),(38,281,'architecto','Et est eum rem itaque nobis est nihil. Dolores perferendis neque occaecati expedita corrupti tempore et. Numquam placeat qui atque rem expedita cum. Quasi ut aliquid mollitia accusantium possimus maiores est totam.',66,'2014-07-22 20:54:34','2020-01-09 17:52:16'),(39,472,'qui','Sed est nostrum nihil id et consectetur officia rem. Natus autem et sequi nulla. Accusantium doloremque aliquid optio occaecati in dicta aut maxime. Ipsum veritatis et modi. Sed earum voluptates qui beatae autem.',222,'2005-09-22 19:15:46','2020-01-09 17:52:16'),(40,75,'doloribus','Perferendis unde ex eos sint odit quod facere. Omnis impedit voluptatem voluptatem. Tempora explicabo facere quia incidunt. Non eligendi cum est et vel occaecati. Facilis dolores non sed quo.',279,'2002-09-16 04:51:33','2020-01-09 17:56:44'),(41,344,'commodi','Consequuntur perferendis et excepturi officia eligendi fugiat nisi. Impedit id iure nesciunt similique non. Assumenda unde earum ea ut accusamus nulla consequuntur.',197,'2003-02-26 20:27:50','2020-01-09 18:02:20'),(42,455,'et','Molestias deleniti veritatis vel ipsum iste hic quasi ratione. Aut atque architecto est aliquam officia dolores accusamus. Ut neque et quos aperiam earum.',188,'2006-11-16 07:44:47','2020-01-09 18:01:22'),(43,49,'cumque','Error alias non quod assumenda. Placeat quidem ducimus esse consequatur. Et exercitationem totam perferendis nemo sit temporibus. Nisi qui quisquam delectus cupiditate voluptatem amet consequatur.',134,'2010-06-29 04:51:57','2020-01-09 17:58:58'),(44,426,'delectus','Provident qui voluptatem sit numquam. Numquam adipisci quos accusamus aliquam. Quis iure numquam quia odio et vel.',135,'2005-10-25 03:01:33','2020-01-09 17:52:16'),(45,399,'et','Earum quas beatae blanditiis ipsa voluptatum. Consequatur ea magnam ex repellat accusantium harum. Excepturi dolores numquam quo labore ducimus quia. Corrupti et quas ut sequi temporibus.',10,'2002-05-30 00:48:58','2020-01-09 18:02:11'),(46,176,'ut','Et labore nisi facilis est dolore accusantium nulla nihil. Cumque labore magnam consequatur sed dolores nihil nesciunt. Eius aut sint voluptatem ipsa at. Eius fuga excepturi cum perspiciatis et saepe.',68,'2015-03-16 20:32:17','2020-01-09 17:52:16'),(47,102,'est','Aliquid et temporibus ut consequatur qui sed sed. Odit enim sunt omnis qui dolor nesciunt temporibus.',105,'2004-12-27 18:09:08','2020-01-09 17:57:04'),(48,91,'vel','Ab libero nisi cupiditate non nostrum. Omnis eligendi incidunt facilis ipsa voluptas. Cumque eum quos illum in. Laudantium in suscipit quaerat itaque.',51,'2005-01-23 19:36:48','2020-01-09 17:52:16'),(49,21,'aut','Eos deleniti sint quod rerum et architecto. Voluptatem et rerum non excepturi eaque dolores quod. Eum mollitia et et enim officiis.',268,'2005-02-06 02:27:49','2020-01-09 17:52:16'),(50,281,'laboriosam','Ea autem est beatae sunt sunt voluptate voluptatem. Sint cumque nesciunt voluptas sit. Et architecto voluptate nostrum voluptatum reprehenderit maxime.',29,'2003-09-24 00:23:22','2020-01-09 17:56:52'),(51,399,'minima','Animi delectus blanditiis ut voluptatem. Facere nam porro iure incidunt impedit consequatur sed. Qui facere rerum sed pariatur. Sunt tenetur sit explicabo dolores est accusamus sed.',245,'2010-06-03 00:09:27','2020-01-09 17:58:49'),(52,97,'temporibus','Enim et quo quia non at aspernatur vel dolorum. Eum ipsam illo corporis sed. Ipsum autem numquam sed qui eveniet. Dolorum aut doloremque quae maiores rerum iste.',22,'2011-12-18 13:58:03','2020-01-09 17:52:16'),(53,381,'quod','Molestiae sunt ut consequuntur. Quaerat aut vero deleniti vel qui laborum. Illo eligendi neque atque aliquid sunt quo. Saepe nesciunt sit et aut adipisci voluptatem.',195,'2011-03-02 06:23:38','2020-01-09 18:03:26'),(54,99,'ab','Ut nihil omnis repellendus. Odit deserunt autem ratione autem consequuntur et eos quaerat. Repellendus architecto molestiae modi placeat libero pariatur.',290,'2005-10-14 05:55:21','2020-01-09 17:57:09'),(55,227,'est','Aliquid soluta quidem enim saepe. Veritatis quam assumenda rerum enim non. Omnis rerum consequatur molestiae. Deleniti debitis aspernatur animi blanditiis earum.',167,'2014-05-28 00:12:52','2020-01-09 17:52:16'),(56,425,'cumque','Quae quidem ipsum consectetur asperiores minima ipsam ea. Ut blanditiis qui aut vel nostrum velit beatae. Facilis ipsa neque sit dolorem. Perferendis non iste sunt doloribus.',262,'2007-04-06 00:18:37','2020-01-09 18:01:25'),(57,46,'veritatis','Nulla accusantium rerum cupiditate ea. Sed voluptas voluptatem eos veritatis perferendis quod est et. Dolor sit est doloribus. Natus corporis qui culpa ducimus alias amet.',122,'2017-01-12 11:01:11','2020-01-09 17:52:16'),(58,299,'repellendus','Harum aut magnam aliquid sit consequatur ipsam dolor. Non ipsam alias quo accusantium. Praesentium repellendus iure tempora dolore ut laborum dolor.',65,'2011-01-08 10:35:50','2020-01-09 18:03:24'),(59,263,'molestiae','Praesentium voluptatem ut in quaerat eum modi. Commodi occaecati voluptas consectetur perspiciatis atque recusandae molestias et. Laborum doloremque rerum aliquam commodi tempore non. Doloribus nesciunt ut vero animi magni.',204,'2005-05-07 03:59:16','2020-01-09 18:02:34'),(60,324,'quisquam','Neque voluptas minus harum nemo optio repudiandae earum iusto. Blanditiis consequatur quibusdam sit. Eos est omnis enim voluptatem facilis.',238,'2008-06-23 13:50:44','2020-01-09 18:03:09'),(61,468,'culpa','Molestiae qui explicabo nisi rerum cupiditate. Cumque ducimus doloremque cum dignissimos error aliquid dolores sint. Similique corrupti qui fuga nostrum.',1,'2006-06-04 17:32:26','2020-01-09 18:01:19'),(62,450,'distinctio','Molestiae a perferendis consequatur et dicta. Cupiditate ullam iusto eum sed vel. Ex consequuntur asperiores qui.',256,'2002-05-06 17:49:03','2020-01-09 17:52:16'),(63,349,'at','Rem autem cupiditate qui eius. Enim numquam adipisci est voluptatem illo delectus blanditiis. Velit sequi cumque ad. Molestiae voluptate qui neque neque.',289,'2002-06-04 01:47:36','2020-01-09 17:52:16'),(64,423,'recusandae','Sint qui cumque iusto qui explicabo. Quo suscipit voluptatem dolores aperiam repudiandae. Nisi accusantium rerum aut ratione rerum.',75,'2015-10-04 06:21:13','2020-01-09 17:52:16'),(65,239,'et','Corrupti dolores molestiae pariatur itaque. Vitae aperiam eos eos qui. Incidunt aliquam id aspernatur voluptas.',23,'2006-09-25 22:28:38','2020-01-09 17:52:16'),(66,139,'adipisci','Incidunt id est explicabo similique autem et. Soluta necessitatibus architecto numquam repudiandae. Eum totam ex commodi eius. Quis voluptas fugit nemo voluptates quisquam ipsam inventore.',215,'2003-06-11 00:47:46','2020-01-09 17:56:48'),(67,471,'quis','Odio adipisci quia et vero quis ipsa dolores. Dicta officiis dolores impedit sit.',147,'2013-12-18 03:19:30','2020-01-09 17:52:16'),(68,204,'sit','Ea eaque dolores eaque quis voluptas. Ut quibusdam est neque dolorem cum possimus quae. Esse a magnam mollitia maxime neque. Molestias aut ut corporis voluptatum nesciunt.',129,'2007-04-20 13:56:22','2020-01-09 17:58:37'),(69,108,'earum','Dolor aut atque minus totam culpa architecto. Et ea inventore possimus hic similique. Ut architecto ea velit sunt ad ut. Sint numquam cumque facere veniam.',126,'2001-10-10 04:22:35','2020-01-09 18:02:08'),(70,15,'eius','Vitae in perferendis beatae nulla. Voluptatem cumque ipsam id. Dolorem ipsa maxime eos ut. Ex quasi aut est nemo sunt aliquid.',73,'2005-11-25 18:50:41','2020-01-09 17:57:12'),(71,80,'corrupti','Voluptatem et voluptates consequatur. Facere voluptatem voluptates pariatur porro quia nam eveniet. Accusamus quasi veniam alias vel accusantium.',146,'2011-05-18 22:02:49','2020-01-09 17:59:05'),(72,273,'omnis','Corrupti repellat doloremque ratione illum expedita ut. Ducimus sed necessitatibus aliquid ea eum accusantium. A cupiditate voluptas ea voluptatem. Libero voluptatem vitae et odit qui non.',261,'2010-09-21 12:21:20','2020-01-09 17:52:16'),(73,363,'neque','Illo aut rerum sint rerum iste id. At quasi magni eos voluptates. Et ipsam aut mollitia ut.',193,'2004-08-09 14:49:24','2020-01-09 17:57:00'),(74,257,'facilis','Molestias itaque quas nulla et earum. Rem cumque pariatur sunt sed dolor. Dolor fugit alias odit consequatur. Quod cum sed rerum qui nostrum quia sed et.',212,'2010-07-22 00:51:10','2020-01-09 17:52:16'),(75,146,'dolorum','Aliquam ea ea tempore beatae similique nemo. Impedit esse incidunt aut ut qui quam. Corrupti atque animi sed.',82,'2003-03-10 05:57:44','2020-01-09 18:02:23'),(76,486,'doloribus','Et voluptatibus non harum quo voluptas sed. Quasi omnis ut sed asperiores sit. Voluptas omnis provident fugit consequatur ut recusandae. Quis facilis vel dolore rerum ut autem odit.',73,'2010-06-10 03:15:12','2020-01-09 17:52:16'),(77,136,'officia','Expedita amet non cumque est deleniti. Placeat excepturi necessitatibus possimus.',220,'2009-03-30 16:07:30','2020-01-09 18:01:41'),(78,233,'ut','Neque reprehenderit sunt molestiae voluptate rerum. Magni sed est aut exercitationem. Maxime est voluptatem quasi atque.',182,'2006-02-27 23:43:25','2020-01-09 17:52:16'),(79,141,'fugit','Ex sequi omnis ut accusantium culpa et in. Et numquam facilis sed. Ut ullam placeat quae eum enim vel voluptatem ipsa.',160,'2002-10-09 08:48:34','2020-01-09 18:02:14'),(80,150,'rem','Et et molestiae et quia. Soluta at aliquam qui error et animi repellendus. Iusto veritatis tempore itaque amet autem. Unde cupiditate eum accusamus illum harum aspernatur animi.',217,'2006-09-04 22:20:06','2020-01-09 18:02:41'),(81,289,'saepe','Blanditiis quis accusamus minima pariatur. Quo omnis sunt eos error omnis eligendi. Est quis aliquid ullam enim.',48,'2011-03-02 16:06:19','2020-01-09 18:03:30'),(82,362,'consequatur','Ut cupiditate et quidem provident qui fuga architecto ex. Enim ad aperiam dolorem error iure. Repellendus magni quam soluta sequi est sequi. Cum eos excepturi voluptatem. Et pariatur iusto quod autem placeat saepe et.',173,'2008-08-04 07:23:11','2020-01-09 18:01:32'),(83,101,'tenetur','Provident totam sequi similique. Doloremque distinctio iste eum vero consequuntur doloremque. Ut laudantium iste iure sit est.',260,'2018-05-14 12:31:08','2020-01-09 17:58:10'),(84,121,'quas','Sed assumenda impedit quam voluptatibus. Voluptates reprehenderit temporibus repellendus aperiam facere in. Veniam dolores et sunt. Molestiae impedit autem ipsum et nostrum vel omnis.',89,'2010-08-22 11:16:16','2020-01-09 18:03:20'),(85,487,'cumque','Occaecati qui est animi odit. At voluptates ut totam excepturi. Voluptatem sapiente ea accusamus nemo voluptatibus. Assumenda culpa quia ab quia commodi.',209,'2010-10-01 19:48:04','2020-01-09 17:52:16'),(86,158,'aspernatur','Facilis dolor sit quis laudantium iure voluptatum. Corporis est quis iure voluptas. Aut facere in velit quae. Tenetur similique sapiente voluptates deserunt eum.',87,'2006-11-30 13:05:21','2020-01-09 18:02:43'),(87,337,'minus','Repellat neque recusandae perferendis aliquid aliquam odit libero deleniti. Esse qui ab rem. Distinctio aperiam sint quod ut dolores placeat ea. Enim deserunt fugit autem illum sequi nihil.',103,'2002-01-12 14:45:21','2020-01-09 18:01:01'),(88,405,'autem','Voluptatem voluptas ut voluptatem. Beatae dicta qui maxime quia. Quia soluta incidunt temporibus. Qui est qui doloremque impedit placeat provident alias.',228,'2002-04-22 10:27:34','2020-01-09 17:52:16'),(89,105,'soluta','Odio quia aliquid adipisci nulla. At qui qui facere explicabo. Corporis quia eligendi nisi fugiat. Accusamus voluptas dignissimos a earum laborum laboriosam assumenda. Ut accusamus consequatur consequuntur ipsum explicabo expedita earum.',117,'2019-04-27 02:24:06','2020-01-09 17:52:16'),(90,106,'minima','Aut nesciunt delectus sit qui. Aut voluptatibus adipisci corrupti quis consequatur aut soluta. Debitis nihil nobis cum quidem. Tempore corrupti maxime rerum impedit dicta.',44,'2019-09-14 23:31:51','2020-01-09 17:52:16'),(91,213,'quisquam','Labore quidem suscipit aperiam dolorum dignissimos possimus consequatur. Est harum facilis rerum eveniet suscipit tempore. Iure ab totam vel voluptatem assumenda. Culpa unde tenetur odio.',273,'2003-06-20 03:49:39','2020-01-09 18:02:27'),(92,159,'quia','Et dignissimos est quod. Quidem sunt iste eum deleniti dignissimos vero. Animi voluptatem autem animi quidem.',139,'2007-04-29 17:24:07','2020-01-09 17:58:39'),(93,262,'quas','Nisi veritatis explicabo fugiat quo et. Numquam quo adipisci ut odit. Iste error et commodi praesentium in.',91,'2004-01-28 14:59:57','2020-01-09 17:52:16'),(94,344,'et','Quibusdam dolorum soluta est eum soluta deserunt voluptas aperiam. Aspernatur itaque quis consectetur rerum sequi maiores. Quibusdam corporis ut impedit architecto aut.',295,'2014-05-26 06:10:54','2020-01-09 17:52:16'),(95,107,'perferendis','Ad ab doloremque nemo ut provident. Voluptatum assumenda occaecati voluptatem facere similique enim quo. Minima voluptas omnis ex rerum sunt.',294,'2007-10-22 10:03:08','2020-01-09 18:01:29'),(96,258,'fugiat','Incidunt excepturi vitae delectus veritatis veniam id repellat. Ad et qui eligendi. Eveniet explicabo minus error porro fuga illum quo aperiam.',151,'2014-01-11 10:20:58','2020-01-09 17:52:16'),(97,346,'eos','Expedita dolorum ipsa unde perspiciatis aliquam aspernatur qui. Deserunt est porro officia aut mollitia mollitia. Enim id vel quia.',106,'2007-01-01 13:40:09','2020-01-09 18:03:00'),(98,422,'velit','Sed enim autem dignissimos quod placeat. Velit suscipit enim qui qui numquam velit. Quidem et corporis minus nisi. Qui iusto ipsa doloremque sed optio dolores.',288,'2005-01-08 20:27:07','2020-01-09 17:52:16'),(99,286,'magnam','Cum autem voluptatem ab corrupti saepe. Ex nihil velit modi doloremque voluptates provident. Nihil accusamus rerum qui omnis at et repudiandae non.',205,'2008-05-02 23:29:20','2020-01-09 18:03:05'),(100,388,'consectetur','Quia laboriosam sed vel consequatur. Rerum accusamus animi perferendis qui facilis fugiat. Labore voluptas et at et. Ut aut harum quae minus velit non.',160,'2006-10-15 23:03:12','2020-01-09 17:57:17');
/*!40000 ALTER TABLE `posts` ENABLE KEYS */;
UNLOCK TABLES;

--
-- Table structure for table `profiles`
--

DROP TABLE IF EXISTS `profiles`;
/*!40101 SET @saved_cs_client     = @@character_set_client */;
/*!50503 SET character_set_client = utf8mb4 */;
CREATE TABLE `profiles` (
  `user_id` int(10) unsigned NOT NULL,
  `sex` char(1) CHARACTER SET utf8 COLLATE utf8_unicode_ci NOT NULL,
  `birthday` date DEFAULT NULL,
  `hometown` varchar(100) CHARACTER SET utf8 COLLATE utf8_unicode_ci DEFAULT NULL,
  `photo_id` int(10) unsigned DEFAULT NULL,
  `updated_at` datetime DEFAULT CURRENT_TIMESTAMP ON UPDATE CURRENT_TIMESTAMP,
  PRIMARY KEY (`user_id`),
  KEY `profiles_photo_id_fk` (`photo_id`),
  CONSTRAINT `profiles_photo_id_fk` FOREIGN KEY (`photo_id`) REFERENCES `media` (`id`) ON DELETE SET NULL,
  CONSTRAINT `profiles_user_id_fk` FOREIGN KEY (`user_id`) REFERENCES `users` (`id`) ON DELETE CASCADE
) ENGINE=InnoDB DEFAULT CHARSET=utf8 COLLATE=utf8_unicode_ci;
/*!40101 SET character_set_client = @saved_cs_client */;

--
-- Dumping data for table `profiles`
--

LOCK TABLES `profiles` WRITE;
/*!40000 ALTER TABLE `profiles` DISABLE KEYS */;
INSERT INTO `profiles` VALUES (1,'f','1975-05-01','West Estell',1,'2020-01-09 16:28:13'),(2,'f','1981-11-03','Schowalterbury',2,'2020-01-09 16:28:13'),(3,'m','1989-02-28','Port Richiebury',3,'2020-01-09 16:28:13'),(4,'f','2016-11-29','Beierstad',4,'2020-01-09 16:28:13'),(5,'f','1985-02-08','Port Meaghan',5,'2020-01-09 16:28:13'),(6,'m','1980-10-15','Lake Providenci',6,'2020-01-09 16:28:13'),(7,'f','2016-08-17','Lake Minervaburgh',7,'2020-01-09 16:28:13'),(8,'m','1988-02-01','Port Llewellynton',8,'2020-01-09 16:28:13'),(9,'f','2012-06-23','Tillmanmouth',9,'2020-01-09 16:28:13'),(10,'m','1976-11-04','Croninfort',10,'2020-01-09 16:28:13'),(11,'f','1980-12-10','Tarafurt',11,'2020-01-09 16:28:13'),(12,'f','2015-06-20','Wolffmouth',12,'2020-01-09 16:28:13'),(13,'m','1999-09-09','Port Oscar',13,'2020-01-09 16:28:13'),(14,'m','2015-12-16','Lake Kayceefort',14,'2020-01-09 16:28:13'),(15,'f','1995-02-20','New Nyaland',15,'2020-01-09 16:28:13'),(16,'f','2002-01-29','South Trey',16,'2020-01-09 16:28:13'),(17,'m','1994-02-01','Margaretville',17,'2020-01-09 16:28:13'),(18,'f','1980-09-27','Port Lafayetteside',18,'2020-01-09 16:28:13'),(19,'f','1998-05-17','West Karliport',19,'2020-01-09 16:28:13'),(20,'f','2007-06-01','East Retta',20,'2020-01-09 16:28:13'),(21,'f','2006-10-14','New Rocky',21,'2020-01-09 16:28:13'),(22,'m','1975-05-09','Greentown',22,'2020-01-09 16:28:13'),(23,'m','1988-11-15','Lake Janaburgh',23,'2020-01-09 16:28:13'),(24,'m','1982-06-02','New Neil',24,'2020-01-09 16:28:13'),(25,'f','1970-06-25','Itzelhaven',25,'2020-01-09 16:28:13'),(26,'f','1991-11-27','North Ubaldohaven',26,'2020-01-09 16:28:13'),(27,'f','2015-04-28','Port Giovanniton',27,'2020-01-09 16:28:13'),(28,'f','1997-10-26','Lake Dorastad',28,'2020-01-09 16:28:13'),(29,'m','2002-09-23','Lake Norris',29,'2020-01-09 16:28:13'),(30,'f','2015-08-26','West Terence',30,'2020-01-09 16:28:13'),(31,'f','2019-08-14','Gregorioside',31,'2020-01-09 16:28:13'),(32,'m','2013-12-23','North Lonzo',32,'2020-01-09 16:28:13'),(33,'f','1978-01-23','Feeneyton',33,'2020-01-09 16:28:13'),(34,'m','1988-12-14','Lake Viviannechester',34,'2020-01-09 16:28:13'),(35,'m','2006-05-31','Port Arvilla',35,'2020-01-09 16:28:13'),(36,'m','1973-03-25','Charlenechester',36,'2020-01-09 16:28:13'),(37,'m','2001-03-12','West Dennischester',37,'2020-01-09 16:28:13'),(38,'m','1976-03-24','North Freddy',38,'2020-01-09 16:28:13'),(39,'f','1990-08-02','West Norwoodshire',39,'2020-01-09 16:28:13'),(40,'f','1994-03-08','Adamsview',40,'2020-01-09 16:28:13'),(41,'m','2018-03-25','Leuschkeberg',41,'2020-01-09 16:28:13'),(42,'m','2009-09-04','Port Alizeton',42,'2020-01-09 16:28:13'),(43,'f','1993-01-15','Lake Orlandfurt',43,'2020-01-09 16:28:13'),(44,'f','1991-08-11','South Sonnyview',44,'2020-01-09 16:28:13'),(45,'f','1990-11-10','Dachbury',45,'2020-01-09 16:28:13'),(46,'f','1988-02-24','Port Kaden',46,'2020-01-09 16:28:13'),(47,'f','1989-05-03','Lake Abelardoland',47,'2020-01-09 16:28:13'),(48,'m','2003-03-24','Hermanton',48,'2020-01-09 16:28:13'),(49,'f','2011-07-15','Ashlynnfurt',49,'2020-01-09 16:28:13'),(50,'f','2015-05-16','South Joe',50,'2020-01-09 16:28:13'),(51,'m','1982-01-30','South Brauliobury',51,'2020-01-09 16:28:13'),(52,'m','1985-04-05','New Maverickborough',52,'2020-01-09 16:28:13'),(53,'m','1985-06-12','Port Danikaview',53,'2020-01-09 16:28:13'),(54,'f','2013-02-06','Hopetown',54,'2020-01-09 16:28:13'),(55,'m','2017-06-26','Colefurt',55,'2020-01-09 16:28:13'),(56,'f','2014-07-18','Balistreriton',56,'2020-01-09 16:28:13'),(57,'f','2001-09-10','Hartmannstad',57,'2020-01-09 16:28:13'),(58,'f','1998-06-24','Jameymouth',58,'2020-01-09 16:28:13'),(59,'m','1996-10-23','Port Elissahaven',59,'2020-01-09 16:28:13'),(60,'f','1994-10-10','West Eileenview',60,'2020-01-09 16:28:13'),(61,'f','2017-10-28','Champlinburgh',61,'2020-01-09 16:28:13'),(62,'f','1979-10-17','Zemlakview',62,'2020-01-09 16:28:13'),(63,'f','2012-04-07','New Aracely',63,'2020-01-09 16:28:13'),(64,'m','2007-12-13','Haroldborough',64,'2020-01-09 16:28:13'),(65,'m','1996-08-12','Kingside',65,'2020-01-09 16:28:13'),(66,'f','1989-07-16','West Claudie',66,'2020-01-09 16:28:13'),(67,'m','2003-08-19','East Alycia',67,'2020-01-09 16:28:13'),(68,'m','1977-11-08','West Charitybury',68,'2020-01-09 16:28:13'),(69,'m','2008-08-30','West Eloy',69,'2020-01-09 16:28:13'),(70,'m','1982-11-29','New Lutherton',70,'2020-01-09 16:28:13'),(71,'f','1983-01-12','Mayerstad',71,'2020-01-09 16:28:13'),(72,'f','2019-07-31','South Joystad',72,'2020-01-09 16:28:13'),(73,'m','1996-02-27','Willytown',73,'2020-01-09 16:28:13'),(74,'f','2015-09-02','South Tremaine',74,'2020-01-09 16:28:13'),(75,'m','2019-04-12','West Adrielhaven',75,'2020-01-09 16:28:13'),(76,'f','2001-12-24','Port Maymie',76,'2020-01-09 16:28:13'),(77,'m','2014-06-15','Lake Dena',77,'2020-01-09 16:28:13'),(78,'m','1987-01-26','New Gianni',78,'2020-01-09 16:28:13'),(79,'m','2007-08-09','Hilllstad',79,'2020-01-09 16:28:13'),(80,'f','2015-07-24','New Scottystad',80,'2020-01-09 16:28:13'),(81,'m','2018-07-14','Hyattview',81,'2020-01-09 16:28:13'),(82,'f','1970-07-23','South Delfina',82,'2020-01-09 16:28:13'),(83,'f','2017-01-06','South Taureanport',83,'2020-01-09 16:28:13'),(84,'f','1979-01-26','Port Garnettown',84,'2020-01-09 16:28:13'),(85,'m','1971-04-26','Schusterberg',85,'2020-01-09 16:28:13'),(86,'f','1973-04-05','Jeffreyberg',86,'2020-01-09 16:28:13'),(87,'f','1974-12-25','North Theodora',87,'2020-01-09 16:28:13'),(88,'f','2019-02-07','North Gustburgh',88,'2020-01-09 16:28:13'),(89,'f','1985-03-29','Daughertyfort',89,'2020-01-09 16:28:13'),(90,'f','1970-10-19','Ginatown',90,'2020-01-09 16:28:13'),(91,'f','1979-04-03','Klockoton',91,'2020-01-09 16:28:13'),(92,'m','1971-12-17','Rosenbaumchester',92,'2020-01-09 16:28:13'),(93,'f','1970-01-03','Mollieberg',93,'2020-01-09 16:28:13'),(94,'f','2015-04-26','Vitabury',94,'2020-01-09 16:28:13'),(95,'f','2010-05-18','Carlifurt',95,'2020-01-09 16:28:13'),(96,'f','1991-09-30','Kulastown',96,'2020-01-09 16:28:13'),(97,'m','2005-09-25','Alivialand',97,'2020-01-09 16:28:13'),(98,'f','2016-09-07','Whitebury',98,'2020-01-09 16:28:13'),(99,'f','2007-07-12','New Nannieborough',99,'2020-01-09 16:28:13'),(100,'f','1992-03-03','New Nadiafort',100,'2020-01-09 16:28:13'),(101,'f','1983-10-13','Gutmannhaven',101,'2020-01-09 16:28:13'),(102,'f','1990-02-10','South Kristopherview',102,'2020-01-09 16:28:13'),(103,'m','1987-08-18','Port Conradhaven',103,'2020-01-09 16:28:13'),(104,'f','1982-10-15','Schneiderside',104,'2020-01-09 16:28:13'),(105,'m','2015-08-25','Stromanberg',105,'2020-01-09 16:28:13'),(106,'f','1992-03-16','South Haleighmouth',106,'2020-01-09 16:28:13'),(107,'m','1993-11-01','Port Talia',107,'2020-01-09 16:28:13'),(108,'m','1991-07-20','Hoppefurt',108,'2020-01-09 16:28:13'),(109,'f','2006-08-12','New Mariano',109,'2020-01-09 16:28:13'),(110,'m','2009-04-09','Hansenview',110,'2020-01-09 16:28:13'),(111,'f','1988-10-10','Pacochaville',111,'2020-01-09 16:28:13'),(112,'f','1974-01-08','Kassulkeborough',112,'2020-01-09 16:28:13'),(113,'m','2011-05-03','East Dana',113,'2020-01-09 16:28:13'),(114,'f','2000-09-29','Cathymouth',114,'2020-01-09 16:28:13'),(115,'f','2003-01-13','East Amayahaven',115,'2020-01-09 16:28:13'),(116,'f','2011-02-13','Siennaville',116,'2020-01-09 16:28:13'),(117,'m','2006-05-12','West Marilou',117,'2020-01-09 16:28:13'),(118,'f','1984-08-22','North Nikkistad',118,'2020-01-09 16:28:13'),(119,'f','1997-06-19','North Georgianaburgh',119,'2020-01-09 16:28:13'),(120,'m','2019-08-28','Paucekberg',120,'2020-01-09 16:28:13'),(121,'m','1991-05-06','Dorcasside',121,'2020-01-09 16:28:13'),(122,'f','2007-07-21','New Gavinshire',122,'2020-01-09 16:28:13'),(123,'f','2004-07-05','Okunevafurt',123,'2020-01-09 16:28:13'),(124,'f','1970-08-06','Port Minervaberg',124,'2020-01-09 16:28:13'),(125,'m','1973-10-17','Mayerport',125,'2020-01-09 16:28:13'),(126,'m','2018-02-10','South Rick',126,'2020-01-09 16:28:13'),(127,'m','2011-12-02','Connorfurt',127,'2020-01-09 16:28:13'),(128,'m','2006-02-28','Lake Koryberg',128,'2020-01-09 16:28:13'),(129,'f','1976-03-15','Koelpinhaven',129,'2020-01-09 16:28:13'),(130,'f','1988-08-17','East Arthurshire',130,'2020-01-09 16:28:13'),(131,'f','2005-09-21','Lake Mabelle',131,'2020-01-09 16:28:13'),(132,'f','1981-01-25','Gaylordhaven',132,'2020-01-09 16:28:13'),(133,'m','1996-08-13','Gussiechester',133,'2020-01-09 16:28:13'),(134,'f','2007-05-26','Generalport',134,'2020-01-09 16:28:13'),(135,'f','1984-09-20','Orvalberg',135,'2020-01-09 16:28:13'),(136,'f','1973-04-11','Port Bernieceville',136,'2020-01-09 16:28:13'),(137,'f','1977-01-22','Gleichnertown',137,'2020-01-09 16:28:13'),(138,'m','1994-07-06','Christiansenville',138,'2020-01-09 16:28:13'),(139,'f','2018-09-23','Boganville',139,'2020-01-09 16:28:13'),(140,'f','1991-01-09','New Kelsi',140,'2020-01-09 16:28:13'),(141,'f','1994-04-11','Zboncakchester',141,'2020-01-09 16:28:13'),(142,'f','1987-04-09','Eusebioland',142,'2020-01-09 16:28:13'),(143,'f','1971-04-10','West Karianeberg',143,'2020-01-09 16:28:13'),(144,'m','1994-12-30','Jonesbury',144,'2020-01-09 16:28:13'),(145,'f','1981-10-14','Bridietown',145,'2020-01-09 16:28:13'),(146,'m','2005-08-17','Sigridburgh',146,'2020-01-09 16:28:13'),(147,'m','1985-11-07','South Maybelle',147,'2020-01-09 16:28:13'),(148,'f','2019-01-03','Francescomouth',148,'2020-01-09 16:28:13'),(149,'f','1972-09-17','South Eduardofort',149,'2020-01-09 16:28:13'),(150,'m','2003-12-30','East Leta',150,'2020-01-09 16:28:13'),(151,'f','1994-06-01','North Davontemouth',151,'2020-01-09 16:28:13'),(152,'m','1979-12-15','Lake Thelmaport',152,'2020-01-09 16:28:13'),(153,'m','1986-11-09','New Misael',153,'2020-01-09 16:28:13'),(154,'m','2002-07-03','Webermouth',154,'2020-01-09 16:28:13'),(155,'f','2004-06-26','West Stephen',155,'2020-01-09 16:28:13'),(156,'f','1976-07-20','Lake Lawrence',156,'2020-01-09 16:28:13'),(157,'m','1973-07-12','Kalebfurt',157,'2020-01-09 16:28:13'),(158,'m','1978-01-23','Goodwinfort',158,'2020-01-09 16:28:13'),(159,'f','1992-03-14','Stammberg',159,'2020-01-09 16:28:13'),(160,'m','2004-01-26','New Everardo',160,'2020-01-09 16:28:13'),(161,'f','1982-01-11','Jaceyburgh',161,'2020-01-09 16:28:13'),(162,'f','2001-07-22','Volkmanton',162,'2020-01-09 16:28:13'),(163,'m','1984-09-02','Port Robyn',163,'2020-01-09 16:28:13'),(164,'m','2018-01-18','Cassinview',164,'2020-01-09 16:28:13'),(165,'m','2007-04-01','North Tre',165,'2020-01-09 16:28:13'),(166,'f','2012-06-10','North Bridiestad',166,'2020-01-09 16:28:13'),(167,'m','1989-01-24','East Jonas',167,'2020-01-09 16:28:13'),(168,'f','2014-08-23','Lornaview',168,'2020-01-09 16:28:13'),(169,'m','1980-04-18','West Stuarthaven',169,'2020-01-09 16:28:13'),(170,'f','2011-08-13','East Fredrick',170,'2020-01-09 16:28:13'),(171,'m','2006-07-01','Port Merrittshire',171,'2020-01-09 16:28:13'),(172,'f','1977-04-29','Lake Lilianetown',172,'2020-01-09 16:28:13'),(173,'m','1992-02-16','Macejkovicside',173,'2020-01-09 16:28:13'),(174,'m','2002-06-03','New Deliaview',174,'2020-01-09 16:28:13'),(175,'m','2003-03-04','Moentown',175,'2020-01-09 16:28:13'),(176,'f','2010-10-20','New Clemens',176,'2020-01-09 16:28:13'),(177,'m','1992-01-29','West Angus',177,'2020-01-09 16:28:13'),(178,'f','2000-07-11','West Malcolm',178,'2020-01-09 16:28:13'),(179,'f','2011-11-03','Port Aylaburgh',179,'2020-01-09 16:28:13'),(180,'f','2004-05-22','West Mckennaside',180,'2020-01-09 16:28:13'),(181,'f','1981-01-06','O\'Konstad',181,'2020-01-09 16:28:13'),(182,'m','2013-10-28','Murazikchester',182,'2020-01-09 16:28:13'),(183,'m','1988-08-08','Port Anissaland',183,'2020-01-09 16:28:13'),(184,'f','2000-01-13','Chadborough',184,'2020-01-09 16:28:13'),(185,'m','1982-05-10','Dinoton',185,'2020-01-09 16:28:13'),(186,'f','2013-10-22','Christiansenton',186,'2020-01-09 16:28:13'),(187,'m','2016-05-02','New Edwinberg',187,'2020-01-09 16:28:13'),(188,'m','1974-03-23','Trevionville',188,'2020-01-09 16:28:13'),(189,'f','1986-03-30','South Gabrielmouth',189,'2020-01-09 16:28:13'),(190,'f','2018-03-31','New Edwardomouth',190,'2020-01-09 16:28:13'),(191,'f','1981-04-14','South Andreanneview',191,'2020-01-09 16:28:13'),(192,'m','2006-11-12','Alexchester',192,'2020-01-09 16:28:13'),(193,'m','1985-09-30','Port Ericka',193,'2020-01-09 16:28:13'),(194,'f','1998-09-27','Port Caroleton',194,'2020-01-09 16:28:13'),(195,'f','2017-01-04','Smithambury',195,'2020-01-09 16:28:13'),(196,'m','2013-03-01','Stiedemannberg',196,'2020-01-09 16:28:13'),(197,'f','1988-02-02','Lake Torrey',197,'2020-01-09 16:28:13'),(198,'f','1998-05-20','Lake Ollieburgh',198,'2020-01-09 16:28:13'),(199,'m','1989-04-30','North Alisa',199,'2020-01-09 16:28:13'),(200,'f','2006-10-09','West Emieshire',200,'2020-01-09 16:28:13'),(201,'f','1974-12-04','Orvalfort',201,'2020-01-09 16:28:13'),(202,'m','1976-01-31','Jerryton',202,'2020-01-09 16:28:13'),(203,'f','1997-04-05','Pacochamouth',203,'2020-01-09 16:28:13'),(204,'f','1998-04-16','Gusikowskiton',204,'2020-01-09 16:28:13'),(205,'f','1984-12-06','Howellberg',205,'2020-01-09 16:28:13'),(206,'m','1985-10-21','North Elyse',206,'2020-01-09 16:28:13'),(207,'f','1970-05-22','New Elvie',207,'2020-01-09 16:28:13'),(208,'f','2018-07-03','Mireyatown',208,'2020-01-09 16:28:13'),(209,'m','1982-09-19','Lake Edmundville',209,'2020-01-09 16:28:13'),(210,'m','2002-09-26','Schimmelside',210,'2020-01-09 16:28:13'),(211,'m','1973-10-18','Makenzieview',211,'2020-01-09 16:28:13'),(212,'f','2017-05-16','Lake Raymundobury',212,'2020-01-09 16:28:13'),(213,'m','2019-05-10','East Imogenebury',213,'2020-01-09 16:28:13'),(214,'f','1972-10-18','Rosestad',214,'2020-01-09 16:28:13'),(215,'f','2016-06-23','Lake Domenicberg',215,'2020-01-09 16:28:13'),(216,'f','2009-08-13','Lake Maritza',216,'2020-01-09 16:28:13'),(217,'m','1975-03-03','South Kylershire',217,'2020-01-09 16:28:13'),(218,'f','1993-08-04','Shieldsside',218,'2020-01-09 16:28:13'),(219,'m','2017-03-07','Brekkeburgh',219,'2020-01-09 16:28:13'),(220,'f','2003-01-04','Gusikowskiberg',220,'2020-01-09 16:28:13'),(221,'f','2017-01-07','New Elsie',221,'2020-01-09 16:28:13'),(222,'f','1983-11-15','Lake Ozella',222,'2020-01-09 16:28:13'),(223,'f','2018-02-28','Lake Janiyamouth',223,'2020-01-09 16:28:13'),(224,'f','1992-12-18','Port Jacklynland',224,'2020-01-09 16:28:13'),(225,'m','1989-09-24','Tillmanhaven',225,'2020-01-09 16:28:13'),(226,'f','1979-07-25','Gutkowskiberg',226,'2020-01-09 16:28:13'),(227,'m','2016-04-23','Johnsonville',227,'2020-01-09 16:28:13'),(228,'m','1980-11-18','VonRuedenport',228,'2020-01-09 16:28:13'),(229,'f','2009-04-30','Gorczanyshire',229,'2020-01-09 16:28:13'),(230,'f','1981-09-03','New Lillian',230,'2020-01-09 16:28:13'),(231,'m','1974-11-14','South Isaias',231,'2020-01-09 16:28:13'),(232,'f','1976-02-27','Deontaeborough',232,'2020-01-09 16:28:13'),(233,'m','1997-02-13','South Tomasa',233,'2020-01-09 16:28:13'),(234,'m','1979-02-15','South Franciscoport',234,'2020-01-09 16:28:13'),(235,'f','2000-04-07','East Mitchell',235,'2020-01-09 16:28:13'),(236,'m','1980-10-20','South Oralburgh',236,'2020-01-09 16:28:13'),(237,'m','1979-07-31','Runteview',237,'2020-01-09 16:28:13'),(238,'f','1998-07-13','Haagmouth',238,'2020-01-09 16:28:13'),(239,'m','1998-03-16','Sashafort',239,'2020-01-09 16:28:13'),(240,'m','1978-11-30','Flatleyview',240,'2020-01-09 16:28:13'),(241,'f','1983-04-21','New Monserrateside',241,'2020-01-09 16:28:13'),(242,'m','1990-03-11','East Loyalstad',242,'2020-01-09 16:28:13'),(243,'f','1970-05-06','Feilmouth',243,'2020-01-09 16:28:13'),(244,'m','1991-11-05','Wittingview',244,'2020-01-09 16:28:13'),(245,'f','1990-03-19','Hoppemouth',245,'2020-01-09 16:28:13'),(246,'m','2007-04-12','Ernestoside',246,'2020-01-09 16:28:13'),(247,'m','2012-05-15','Lake Myra',247,'2020-01-09 16:28:13'),(248,'f','1972-02-24','Lake Cory',248,'2020-01-09 16:28:13'),(249,'f','1996-05-10','Kuhlmanberg',249,'2020-01-09 16:28:13'),(250,'f','1971-03-22','South Janick',250,'2020-01-09 16:28:13'),(251,'f','2014-06-18','South Geovanny',251,'2020-01-09 16:28:13'),(252,'f','2002-10-01','Murphytown',252,'2020-01-09 16:28:13'),(253,'f','1975-02-10','Walshfort',253,'2020-01-09 16:28:13'),(254,'f','2015-05-28','South Makaylachester',254,'2020-01-09 16:28:13'),(255,'m','2001-01-13','South Lillyburgh',255,'2020-01-09 16:28:13'),(256,'f','1979-10-08','Franeckishire',256,'2020-01-09 16:28:13'),(257,'f','1979-10-20','North Arturo',257,'2020-01-09 16:28:13'),(258,'m','1982-07-09','Mooreburgh',258,'2020-01-09 16:28:13'),(259,'f','2017-06-03','East Adolf',259,'2020-01-09 16:28:13'),(260,'f','1992-09-05','Port Jaquelineville',260,'2020-01-09 16:28:13'),(261,'m','1977-04-20','Linastad',261,'2020-01-09 16:28:13'),(262,'m','1976-06-20','North Nelle',262,'2020-01-09 16:28:13'),(263,'m','1995-09-06','East Elmirachester',263,'2020-01-09 16:28:13'),(264,'m','2011-09-08','Leonorabury',264,'2020-01-09 16:28:13'),(265,'f','1981-10-27','North Inesmouth',265,'2020-01-09 16:28:13'),(266,'f','1975-10-29','North Rainaland',266,'2020-01-09 16:28:13'),(267,'f','1984-02-26','Lake Nelle',267,'2020-01-09 16:28:13'),(268,'f','2002-09-10','Carleyville',268,'2020-01-09 16:28:13'),(269,'f','1977-09-07','Ceasarshire',269,'2020-01-09 16:28:13'),(270,'f','2013-10-13','Llewellyntown',270,'2020-01-09 16:28:13'),(271,'f','1984-08-23','South Vito',271,'2020-01-09 16:28:13'),(272,'m','2014-02-18','Barrettfurt',272,'2020-01-09 16:28:13'),(273,'m','1996-06-11','Lewside',273,'2020-01-09 16:28:13'),(274,'m','1987-05-10','Port Eda',274,'2020-01-09 16:28:13'),(275,'m','1989-02-14','New Cydney',275,'2020-01-09 16:28:13'),(276,'f','1974-05-30','West Audraberg',276,'2020-01-09 16:28:13'),(277,'m','1983-06-18','Murazikmouth',277,'2020-01-09 16:28:13'),(278,'f','2004-01-01','Altenwerthside',278,'2020-01-09 16:28:13'),(279,'m','1970-01-06','East Jeromeport',279,'2020-01-09 16:28:13'),(280,'m','2003-04-01','Buddyberg',280,'2020-01-09 16:28:13'),(281,'f','2011-04-14','East Maxwell',281,'2020-01-09 16:28:13'),(282,'m','2014-09-20','East Vesta',282,'2020-01-09 16:28:13'),(283,'f','2015-10-27','Zorahaven',283,'2020-01-09 16:28:13'),(284,'f','2015-11-22','West Felicia',284,'2020-01-09 16:28:13'),(285,'f','1991-12-30','Magdalenmouth',285,'2020-01-09 16:28:13'),(286,'f','1980-05-18','East Selmer',286,'2020-01-09 16:28:13'),(287,'m','2010-06-19','Wolfffort',287,'2020-01-09 16:28:13'),(288,'f','1978-06-08','New Filomena',288,'2020-01-09 16:28:13'),(289,'m','1984-05-08','Corwinside',289,'2020-01-09 16:28:13'),(290,'f','2015-06-12','Allyland',290,'2020-01-09 16:28:13'),(291,'f','2010-11-15','Giaborough',291,'2020-01-09 16:28:13'),(292,'f','1971-08-24','Lauraland',292,'2020-01-09 16:28:13'),(293,'m','2000-12-02','West Elmo',293,'2020-01-09 16:28:13'),(294,'f','1984-06-19','Jarredshire',294,'2020-01-09 16:28:13'),(295,'m','2018-02-18','Lefflerborough',295,'2020-01-09 16:28:13'),(296,'m','1974-11-19','Emmerichtown',296,'2020-01-09 16:28:13'),(297,'m','2000-07-13','Estellborough',297,'2020-01-09 16:28:13'),(298,'m','1976-08-28','New Ashtynshire',298,'2020-01-09 16:28:13'),(299,'f','1981-06-14','Beattymouth',299,'2020-01-09 16:28:13'),(300,'f','1973-06-02','Loyborough',300,'2020-01-09 16:28:13'),(301,'m','1995-05-10','New Tiannaside',1,'2020-01-09 16:28:13'),(302,'f','1985-02-14','Caspershire',2,'2020-01-09 16:28:13'),(303,'m','2012-04-17','North Paytonview',3,'2020-01-09 16:28:13'),(304,'f','2000-03-05','West Maureen',4,'2020-01-09 16:28:13'),(305,'m','1979-08-19','Millsshire',5,'2020-01-09 16:28:13'),(306,'m','2000-09-11','Lake Dayton',6,'2020-01-09 16:28:13'),(307,'m','1998-09-27','Robelfort',7,'2020-01-09 16:28:13'),(308,'m','2017-10-12','Simonisburgh',8,'2020-01-09 16:28:13'),(309,'f','1982-11-21','Cartwrightview',9,'2020-01-09 16:28:13'),(310,'m','1990-08-06','Brantton',10,'2020-01-09 16:28:13'),(311,'m','1979-02-03','Lednerberg',11,'2020-01-09 16:28:13'),(312,'m','1985-04-30','East Alisa',12,'2020-01-09 16:28:13'),(313,'f','2008-01-05','West Rudy',13,'2020-01-09 16:28:13'),(314,'m','1979-04-16','East Stephania',14,'2020-01-09 16:28:13'),(315,'f','1992-11-20','Pearlieland',15,'2020-01-09 16:28:13'),(316,'m','2001-12-02','Jammieside',16,'2020-01-09 16:28:13'),(317,'f','1983-05-19','Elishaburgh',17,'2020-01-09 16:28:13'),(318,'f','1989-04-12','Andreaneton',18,'2020-01-09 16:28:13'),(319,'m','1974-11-15','West Alphonso',19,'2020-01-09 16:28:13'),(320,'m','1998-11-12','Alannaville',20,'2020-01-09 16:28:13'),(321,'m','1991-11-19','Port Michelle',21,'2020-01-09 16:28:13'),(322,'m','1989-06-17','South Leonieshire',22,'2020-01-09 16:28:13'),(323,'m','1985-09-27','Emardland',23,'2020-01-09 16:28:13'),(324,'f','1988-12-05','Gerryberg',24,'2020-01-09 16:28:13'),(325,'f','2006-09-26','Darylchester',25,'2020-01-09 16:28:13'),(326,'m','2018-04-28','Lake Francofurt',26,'2020-01-09 16:28:13'),(327,'f','1989-09-16','Harberton',27,'2020-01-09 16:28:13'),(328,'f','2015-08-03','Cliffordland',28,'2020-01-09 16:28:13'),(329,'m','2013-01-07','Goyettetown',29,'2020-01-09 16:28:13'),(330,'m','1984-03-22','North Vergiehaven',30,'2020-01-09 16:28:13'),(331,'f','1994-04-07','New Aletha',31,'2020-01-09 16:28:13'),(332,'m','1995-01-26','Revafurt',32,'2020-01-09 16:28:13'),(333,'f','1971-05-15','Annaliseton',33,'2020-01-09 16:28:13'),(334,'f','1994-10-02','Barrowsport',34,'2020-01-09 16:28:13'),(335,'m','2003-11-09','North Ethelyn',35,'2020-01-09 16:28:13'),(336,'f','1998-09-01','Zackaryberg',36,'2020-01-09 16:28:13'),(337,'f','2016-04-30','Danielview',37,'2020-01-09 16:28:13'),(338,'m','1991-09-20','Doyleview',38,'2020-01-09 16:28:13'),(339,'f','1995-06-27','East Maida',39,'2020-01-09 16:28:13'),(340,'f','1975-02-13','West Alvafurt',40,'2020-01-09 16:28:13'),(341,'f','1970-12-09','West Bernicefurt',41,'2020-01-09 16:28:13'),(342,'m','1972-07-30','Hackettbury',42,'2020-01-09 16:28:13'),(343,'f','1977-07-26','Hickleview',43,'2020-01-09 16:28:13'),(344,'m','1997-03-25','Amanitown',44,'2020-01-09 16:28:13'),(345,'f','2015-04-11','Lindchester',45,'2020-01-09 16:28:13'),(346,'f','2019-10-27','Joellehaven',46,'2020-01-09 16:28:13'),(347,'f','2016-01-13','New Leanne',47,'2020-01-09 16:28:13'),(348,'m','1998-01-12','Gregoriomouth',48,'2020-01-09 16:28:13'),(349,'f','2019-03-24','Bartonmouth',49,'2020-01-09 16:28:13'),(350,'m','2013-04-04','New Sarahport',50,'2020-01-09 16:28:13'),(351,'f','2000-10-30','Robertchester',51,'2020-01-09 16:28:13'),(352,'f','1973-07-15','Hudsontown',52,'2020-01-09 16:28:13'),(353,'f','1986-09-21','Turcotteton',53,'2020-01-09 16:28:13'),(354,'m','1989-12-30','Leschland',54,'2020-01-09 16:28:13'),(355,'f','1989-03-04','Millerview',55,'2020-01-09 16:28:13'),(356,'m','2017-02-16','New Onieton',56,'2020-01-09 16:28:13'),(357,'f','2006-02-13','South Emmittmouth',57,'2020-01-09 16:28:13'),(358,'m','1983-12-22','Port Nedraville',58,'2020-01-09 16:28:13'),(359,'f','2010-06-20','Lindtown',59,'2020-01-09 16:28:13'),(360,'m','1991-09-08','Steviechester',60,'2020-01-09 16:28:13'),(361,'f','2019-08-31','Santoshaven',61,'2020-01-09 16:28:13'),(362,'f','1990-03-21','Boylestad',62,'2020-01-09 16:28:13'),(363,'m','1996-12-12','Carmellachester',63,'2020-01-09 16:28:13'),(364,'f','1985-07-08','West Werner',64,'2020-01-09 16:28:13'),(365,'m','1973-06-25','East Brenden',65,'2020-01-09 16:28:13'),(366,'m','2013-01-26','New Carmen',66,'2020-01-09 16:28:13'),(367,'f','1997-06-29','Rennerville',67,'2020-01-09 16:28:13'),(368,'m','1997-02-23','Hahntown',68,'2020-01-09 16:28:13'),(369,'m','1974-04-15','West Kaylin',69,'2020-01-09 16:28:13'),(370,'f','2003-01-18','Tremayneland',70,'2020-01-09 16:28:13'),(371,'m','1985-03-09','Lake Bennett',71,'2020-01-09 16:28:13'),(372,'m','2018-06-17','Cletusmouth',72,'2020-01-09 16:28:13'),(373,'f','2013-03-29','Bartonberg',73,'2020-01-09 16:28:13'),(374,'f','1970-06-06','Manteville',74,'2020-01-09 16:28:13'),(375,'f','2018-01-10','Jaquelineborough',75,'2020-01-09 16:28:13'),(376,'f','2013-08-19','South Andrew',76,'2020-01-09 16:28:13'),(377,'m','1986-09-02','Rodriguezfort',77,'2020-01-09 16:28:13'),(378,'m','2002-07-14','Eltaberg',78,'2020-01-09 16:28:13'),(379,'f','2017-01-20','Patsyland',79,'2020-01-09 16:28:13'),(380,'m','1974-08-12','Marlenestad',80,'2020-01-09 16:28:13'),(381,'f','2014-04-29','Gerdatown',81,'2020-01-09 16:28:13'),(382,'f','2010-07-14','Ettieville',82,'2020-01-09 16:28:13'),(383,'m','2014-10-18','Hannahville',83,'2020-01-09 16:28:13'),(384,'f','1971-01-03','Port Anabelle',84,'2020-01-09 16:28:13'),(385,'m','1993-11-15','Terryshire',85,'2020-01-09 16:28:13'),(386,'f','1978-02-12','Reynoldsmouth',86,'2020-01-09 16:28:13'),(387,'f','2000-05-05','West Lethafort',87,'2020-01-09 16:28:13'),(388,'m','2005-02-11','Janchester',88,'2020-01-09 16:28:13'),(389,'f','2016-01-29','North Noemi',89,'2020-01-09 16:28:13'),(390,'f','1990-07-06','West Darion',90,'2020-01-09 16:28:13'),(391,'f','2016-07-01','Mohrton',91,'2020-01-09 16:28:13'),(392,'m','1989-02-26','Orvilleview',92,'2020-01-09 16:28:13'),(393,'m','1988-12-01','West Danikastad',93,'2020-01-09 16:28:13'),(394,'f','2017-10-03','Barretttown',94,'2020-01-09 16:28:13'),(395,'f','1998-01-18','South Guillermomouth',95,'2020-01-09 16:28:13'),(396,'f','2006-09-07','Madysonfurt',96,'2020-01-09 16:28:13'),(397,'f','2010-02-21','Altenwerthborough',97,'2020-01-09 16:28:13'),(398,'m','1972-10-29','South Elisa',98,'2020-01-09 16:28:13'),(399,'f','1995-02-24','East Nestor',99,'2020-01-09 16:28:13'),(400,'f','2005-02-26','Maggioburgh',100,'2020-01-09 16:28:13'),(401,'m','1981-07-19','Buddyborough',101,'2020-01-09 16:28:13'),(402,'f','1982-07-25','New Aricstad',102,'2020-01-09 16:28:13'),(403,'f','2017-03-06','Lefflerberg',103,'2020-01-09 16:28:13'),(404,'m','2007-05-12','Minnieland',104,'2020-01-09 16:28:13'),(405,'m','1986-05-05','West Bernard',105,'2020-01-09 16:28:13'),(406,'m','1994-09-16','New Christychester',106,'2020-01-09 16:28:13'),(407,'f','1994-04-10','Sonnyton',107,'2020-01-09 16:28:13'),(408,'f','2002-06-08','West Elainashire',108,'2020-01-09 16:28:13'),(409,'f','1983-05-25','South Rowlandshire',109,'2020-01-09 16:28:13'),(410,'f','1970-12-01','Gleasontown',110,'2020-01-09 16:28:13'),(411,'m','2013-08-29','Reichertberg',111,'2020-01-09 16:28:13'),(412,'m','2014-09-20','East Oscarchester',112,'2020-01-09 16:28:13'),(413,'f','2011-02-06','Boscostad',113,'2020-01-09 16:28:13'),(414,'m','2003-10-31','New Merle',114,'2020-01-09 16:28:13'),(415,'f','1991-07-28','South Garrymouth',115,'2020-01-09 16:28:13'),(416,'f','2005-08-15','East Anne',116,'2020-01-09 16:28:13'),(417,'f','2002-03-15','East Victormouth',117,'2020-01-09 16:28:13'),(418,'m','1991-11-17','Edentown',118,'2020-01-09 16:28:13'),(419,'f','1985-11-23','Walshstad',119,'2020-01-09 16:28:13'),(420,'f','1992-02-03','Devanteshire',120,'2020-01-09 16:28:13'),(421,'m','2010-03-18','Lake Maudtown',121,'2020-01-09 16:28:13'),(422,'m','1995-04-26','Junetown',122,'2020-01-09 16:28:13'),(423,'f','1971-06-25','Mayershire',123,'2020-01-09 16:28:13'),(424,'m','1988-03-30','Port Clarabelle',124,'2020-01-09 16:28:13'),(425,'f','1997-04-04','New Pearliehaven',125,'2020-01-09 16:28:13'),(426,'f','2006-11-17','North Mauricemouth',126,'2020-01-09 16:28:13'),(427,'f','2012-03-31','Port Sheldon',127,'2020-01-09 16:28:13'),(428,'m','1993-10-08','Port Corine',128,'2020-01-09 16:28:13'),(429,'f','2019-03-04','Jastborough',129,'2020-01-09 16:28:13'),(430,'f','1994-07-21','Metzberg',130,'2020-01-09 16:28:13'),(431,'f','1972-03-08','Lake Tomasabury',131,'2020-01-09 16:28:13'),(432,'f','2016-01-30','South Judahview',132,'2020-01-09 16:28:13'),(433,'m','2002-08-29','Treutelshire',133,'2020-01-09 16:28:13'),(434,'m','1997-08-30','Baileyside',134,'2020-01-09 16:28:13'),(435,'f','1996-06-06','Kemmerport',135,'2020-01-09 16:28:13'),(436,'f','2003-04-15','West Hesterhaven',136,'2020-01-09 16:28:13'),(437,'m','1984-08-12','New Aliyaton',137,'2020-01-09 16:28:13'),(438,'m','1986-07-15','West Lemuel',138,'2020-01-09 16:28:13'),(439,'m','1993-07-16','Ernserburgh',139,'2020-01-09 16:28:13'),(440,'m','2008-08-16','Keelingtown',140,'2020-01-09 16:28:13'),(441,'m','1998-07-01','Declanbury',141,'2020-01-09 16:28:13'),(442,'m','1985-09-11','Lake Arnoberg',142,'2020-01-09 16:28:13'),(443,'f','1971-05-28','South Orinview',143,'2020-01-09 16:28:13'),(444,'m','1975-09-03','Rolfsontown',144,'2020-01-09 16:28:13'),(445,'f','1990-03-15','South Braxton',145,'2020-01-09 16:28:13'),(446,'f','1971-08-16','Lake Katlynn',146,'2020-01-09 16:28:13'),(447,'m','1991-04-09','Taureanville',147,'2020-01-09 16:28:13'),(448,'m','2007-04-16','Nolanborough',148,'2020-01-09 16:28:13'),(449,'f','1974-06-18','West Brittanyport',149,'2020-01-09 16:28:13'),(450,'m','2009-04-22','West Janelle',150,'2020-01-09 16:28:13'),(451,'f','2008-07-16','Connellystad',151,'2020-01-09 16:28:13'),(452,'f','1985-04-26','West Danyka',152,'2020-01-09 16:28:13'),(453,'f','2012-09-09','North Doyle',153,'2020-01-09 16:28:13'),(454,'m','1986-01-16','Stiedemanntown',154,'2020-01-09 16:28:13'),(455,'f','1976-08-01','West Darlene',155,'2020-01-09 16:28:13'),(456,'f','1995-05-05','Christyhaven',156,'2020-01-09 16:28:13'),(457,'m','2003-12-20','West Luellatown',157,'2020-01-09 16:28:13'),(458,'m','1981-05-21','West Florida',158,'2020-01-09 16:28:13'),(459,'f','2003-08-13','North Quentin',159,'2020-01-09 16:28:13'),(460,'f','2013-02-11','New Elseville',160,'2020-01-09 16:28:13'),(461,'m','2006-01-28','North Jeanne',161,'2020-01-09 16:28:13'),(462,'m','2007-05-07','North Axelport',162,'2020-01-09 16:28:13'),(463,'f','2004-05-15','Marcelinaland',163,'2020-01-09 16:28:13'),(464,'m','1984-03-03','Braunburgh',164,'2020-01-09 16:28:13'),(465,'m','1986-11-08','North Corbinhaven',165,'2020-01-09 16:28:13'),(466,'f','1987-03-05','Elianefurt',166,'2020-01-09 16:28:13'),(467,'m','2006-11-25','Leannonport',167,'2020-01-09 16:28:13'),(468,'m','1979-10-21','Raushire',168,'2020-01-09 16:28:13'),(469,'f','1984-10-12','Boganchester',169,'2020-01-09 16:28:13'),(470,'m','1987-02-21','Oscarbury',170,'2020-01-09 16:28:13'),(471,'f','2000-09-06','Port Katelin',171,'2020-01-09 16:28:13'),(472,'m','2002-11-16','West Jerrell',172,'2020-01-09 16:28:13'),(473,'f','1999-04-03','Ilamouth',173,'2020-01-09 16:28:13'),(474,'m','1993-03-12','West Brannonmouth',174,'2020-01-09 16:28:13'),(475,'m','2007-05-07','East Kelsieport',175,'2020-01-09 16:28:13'),(476,'m','2011-07-03','New Nichole',176,'2020-01-09 16:28:13'),(477,'f','1987-06-09','West Kayleighport',177,'2020-01-09 16:28:13'),(478,'m','2002-06-18','Starkbury',178,'2020-01-09 16:28:13'),(479,'f','1980-03-06','Malvinamouth',179,'2020-01-09 16:28:13'),(480,'f','2013-05-19','Lefflerburgh',180,'2020-01-09 16:28:13'),(481,'f','1971-06-09','Gutmannberg',181,'2020-01-09 16:28:13'),(482,'m','1977-09-04','Lake Rebekamouth',182,'2020-01-09 16:28:13'),(483,'f','2005-09-30','Tatyanamouth',183,'2020-01-09 16:28:13'),(484,'m','1971-04-09','North Dewitt',184,'2020-01-09 16:28:13'),(485,'f','2006-09-10','Sigurdshire',185,'2020-01-09 16:28:13'),(486,'m','1981-08-18','West Danielleville',186,'2020-01-09 16:28:13'),(487,'m','1989-11-09','Asaborough',187,'2020-01-09 16:28:13'),(488,'m','2004-06-11','West Reillyland',188,'2020-01-09 16:28:13'),(489,'m','1979-10-01','Port Margretland',189,'2020-01-09 16:28:13'),(490,'m','1987-10-26','Borisfort',190,'2020-01-09 16:28:13'),(491,'m','1992-12-02','Port Othomouth',191,'2020-01-09 16:28:13'),(492,'m','1998-08-21','Erdmanburgh',192,'2020-01-09 16:28:13'),(493,'f','2006-03-12','Bruenmouth',193,'2020-01-09 16:28:13'),(494,'m','1987-04-22','New Jaydon',194,'2020-01-09 16:28:13'),(495,'f','1991-07-10','South Ethan',195,'2020-01-09 16:28:13'),(496,'m','1985-03-19','Lake Kayleemouth',196,'2020-01-09 16:28:13'),(497,'m','1986-01-06','McLaughlintown',197,'2020-01-09 16:28:13'),(498,'m','2015-03-14','East Donavonport',198,'2020-01-09 16:28:13'),(499,'m','1993-09-03','Jacobimouth',199,'2020-01-09 16:28:13'),(500,'m','2015-12-28','North Parkertown',200,'2020-01-09 16:28:13');
/*!40000 ALTER TABLE `profiles` ENABLE KEYS */;
UNLOCK TABLES;

--
-- Table structure for table `target_types`
--

DROP TABLE IF EXISTS `target_types`;
/*!40101 SET @saved_cs_client     = @@character_set_client */;
/*!50503 SET character_set_client = utf8mb4 */;
CREATE TABLE `target_types` (
  `id` int(10) unsigned NOT NULL AUTO_INCREMENT,
  `name` varchar(255) NOT NULL,
  `created_at` datetime DEFAULT CURRENT_TIMESTAMP,
  PRIMARY KEY (`id`),
  UNIQUE KEY `name` (`name`)
) ENGINE=InnoDB AUTO_INCREMENT=5 DEFAULT CHARSET=utf8mb4 COLLATE=utf8mb4_0900_ai_ci;
/*!40101 SET character_set_client = @saved_cs_client */;

--
-- Dumping data for table `target_types`
--

LOCK TABLES `target_types` WRITE;
/*!40000 ALTER TABLE `target_types` DISABLE KEYS */;
INSERT INTO `target_types` VALUES (1,'messages','2020-01-18 18:52:18'),(2,'users','2020-01-18 18:52:18'),(3,'media','2020-01-18 18:52:18'),(4,'posts','2020-01-18 18:52:18');
/*!40000 ALTER TABLE `target_types` ENABLE KEYS */;
UNLOCK TABLES;

--
-- Table structure for table `users`
--

DROP TABLE IF EXISTS `users`;
/*!40101 SET @saved_cs_client     = @@character_set_client */;
/*!50503 SET character_set_client = utf8mb4 */;
CREATE TABLE `users` (
  `id` int(10) unsigned NOT NULL AUTO_INCREMENT,
  `first_name` varchar(100) CHARACTER SET utf8 COLLATE utf8_unicode_ci NOT NULL,
  `last_name` varchar(100) CHARACTER SET utf8 COLLATE utf8_unicode_ci NOT NULL,
  `email` varchar(120) CHARACTER SET utf8 COLLATE utf8_unicode_ci NOT NULL,
  `phone` varchar(120) CHARACTER SET utf8 COLLATE utf8_unicode_ci NOT NULL,
  `created_at` datetime DEFAULT CURRENT_TIMESTAMP,
  `updated_at` datetime DEFAULT CURRENT_TIMESTAMP ON UPDATE CURRENT_TIMESTAMP,
  PRIMARY KEY (`id`),
  UNIQUE KEY `email` (`email`),
  UNIQUE KEY `phone` (`phone`)
) ENGINE=InnoDB AUTO_INCREMENT=501 DEFAULT CHARSET=utf8 COLLATE=utf8_unicode_ci;
/*!40101 SET character_set_client = @saved_cs_client */;

--
-- Dumping data for table `users`
--

LOCK TABLES `users` WRITE;
/*!40000 ALTER TABLE `users` DISABLE KEYS */;
INSERT INTO `users` VALUES (1,'Dawn','Grant','bill63@example.org','(156)785-2418','1995-12-12 18:15:56','1970-01-08 11:00:06'),(2,'Salma','Carroll','maye.purdy@example.com','1-619-354-5221x15681','1985-10-13 18:45:36','2006-04-08 16:39:35'),(3,'Aurelio','Murphy','umurphy@example.org','1-612-152-8986','1990-08-16 09:41:40','1982-12-03 11:03:58'),(4,'Jordon','Watsica','casper.cristal@example.net','(781)424-5308x1896','1997-11-09 17:58:39','1989-04-20 05:47:36'),(5,'Ines','Gerhold','aniya00@example.org','1-377-606-0879','1974-11-03 11:29:04','1977-04-14 12:50:02'),(6,'Ara','Koss','sschaefer@example.org','(544)606-3506x27625','1982-05-01 08:45:44','2001-05-17 18:58:35'),(7,'Wendy','Stehr','brown.amina@example.net','660.655.5785','2005-11-04 01:36:28','1989-04-17 05:57:42'),(8,'Watson','Gutkowski','cremin.reuben@example.org','1-208-986-5686x337','1987-01-31 01:49:00','2002-05-30 01:49:24'),(9,'Lee','Schroeder','tbeatty@example.org','1-099-720-3507','1984-12-24 21:27:06','2016-05-25 08:04:27'),(10,'Abe','Zulauf','block.juliana@example.net','595-226-1418','2013-06-05 02:09:42','1982-05-12 23:36:22'),(11,'Georgiana','Johnston','cora.kub@example.org','1-505-416-0368x8962','2009-01-30 08:22:04','1970-02-09 06:17:22'),(12,'Johnathon','Sanford','tito07@example.net','07755451814','2017-08-03 08:02:47','1984-01-14 03:51:43'),(13,'Lupe','McCullough','kennedy.brakus@example.org','(715)134-0392x818','2004-02-03 01:15:55','2001-07-05 00:18:51'),(14,'Cassidy','Cormier','baumbach.elnora@example.org','774.493.4987x2375','1985-04-11 19:25:21','2003-11-07 10:28:48'),(15,'Jaime','Crooks','modesto62@example.net','02004695287','2012-06-05 16:13:00','1971-09-21 12:45:47'),(16,'Magdalen','Stroman','augustine.herzog@example.org','978.613.1316x5379','2016-06-04 20:13:00','1994-09-05 07:08:55'),(17,'Bart','Hermann','hassie00@example.net','215.027.7244x6349','1976-10-15 06:42:53','1998-07-10 20:09:37'),(18,'Margarita','Dicki','qschuppe@example.net','763-424-5328','2002-01-15 21:05:37','1996-03-29 18:14:00'),(19,'Laurie','Hermann','toni.schimmel@example.org','1-998-787-5824x7856','1971-02-06 22:03:56','1978-12-19 07:59:56'),(20,'Vinnie','Keebler','wgoyette@example.net','528.228.8717','2008-12-06 09:23:02','1998-07-05 15:58:09'),(21,'Alvina','Pouros','etillman@example.net','(842)259-6136x1382','1970-06-03 02:45:14','2019-07-06 16:22:10'),(22,'Amelia','Moen','luettgen.tyreek@example.com','598.115.8700','2000-11-09 12:48:57','1974-01-20 12:01:04'),(23,'Ervin','Little','yrutherford@example.com','915-803-4014x38643','1978-05-07 03:56:35','1999-07-01 20:51:32'),(24,'Kaitlyn','Gaylord','odie55@example.org','309.718.6163','2002-06-09 01:09:37','1970-09-09 18:21:58'),(25,'Addison','Wunsch','arnulfo.wiza@example.org','+34(3)4540002731','1997-02-19 13:27:40','1971-03-22 17:33:20'),(26,'Antonina','Gaylord','herzog.marina@example.net','1-345-433-4416x4384','1979-08-31 07:26:14','2008-09-26 23:27:41'),(27,'Lenore','Morissette','eldon49@example.net','1-997-256-1760x08127','1994-01-01 10:04:15','2018-03-25 03:51:34'),(28,'Bradford','Rodriguez','kelli.monahan@example.com','(129)386-3934x188','2013-11-22 14:00:41','1978-01-06 13:22:38'),(29,'Jayne','Stroman','tessie55@example.net','+85(0)0693818390','2005-08-20 01:35:30','1997-12-15 17:14:50'),(30,'Modesta','Schiller','swift.alize@example.com','088.979.0926x862','2005-09-21 15:43:53','1989-12-10 10:53:35'),(31,'Lon','Littel','shirley.mraz@example.com','(711)209-8842','1997-05-08 01:32:46','2016-12-07 20:20:47'),(32,'Robbie','Witting','dixie.o\'keefe@example.org','349.761.8325x3640','1977-07-17 10:42:09','1985-09-18 14:16:31'),(33,'Hunter','Romaguera','efritsch@example.com','+35(5)6209375899','2013-03-06 03:38:13','2010-01-29 20:22:02'),(34,'Dejah','Ward','woodrow.lesch@example.org','720.432.0742x2102','2007-03-19 02:06:26','1999-06-28 14:01:34'),(35,'Muriel','Wiegand','yzemlak@example.net','990-490-8464x37980','1978-12-21 14:48:01','1972-05-16 00:16:04'),(36,'Raymond','O\'Connell','santa55@example.org','(856)829-4506','1989-02-15 01:00:15','1994-06-27 12:26:27'),(37,'Lelah','Padberg','gail.ward@example.com','166-766-2735x963','1973-03-15 06:20:05','2001-09-30 11:08:52'),(38,'Mitchell','Ratke','hlynch@example.net','985-461-2302x558','2002-03-01 14:05:20','2007-09-19 22:36:03'),(39,'Dewitt','McKenzie','vena.rohan@example.net','+00(4)8845105249','1971-12-06 14:37:00','1996-09-13 06:42:21'),(40,'Tavares','Torphy','janessa45@example.com','1-315-681-4892','2019-06-08 03:39:14','1972-06-10 08:15:45'),(41,'Kari','Keeling','myah08@example.net','(514)958-9320x89336','1989-04-21 21:01:37','1988-06-09 14:16:01'),(42,'Mackenzie','Jaskolski','dyost@example.org','02925035175','2017-05-19 14:53:21','2000-03-11 05:04:38'),(43,'Cordelia','Volkman','marianne.cormier@example.net','1-328-399-9508x43573','1973-09-15 05:06:36','2007-06-15 18:41:11'),(44,'Arturo','Rodriguez','ho\'reilly@example.com','713.318.3406','2013-04-04 06:33:57','1989-08-06 16:47:01'),(45,'Abraham','Hayes','bgleason@example.net','1-122-876-0437x45924','2018-12-19 12:46:32','1987-07-01 03:32:17'),(46,'Cullen','Daniel','eliza.macejkovic@example.org','1-432-989-5201x9764','1993-12-14 13:27:08','1974-05-10 17:05:41'),(47,'Mallory','Monahan','stroman.jefferey@example.com','589-817-7150x6361','1995-10-12 00:29:25','1996-04-27 01:34:52'),(48,'Dominique','Bartoletti','qtromp@example.net','(138)203-2862x720','2005-01-11 11:43:21','1996-05-25 11:59:53'),(49,'Cora','Tremblay','oceane.keebler@example.com','1-867-476-3902x572','2015-06-08 22:07:15','1976-10-21 04:56:53'),(50,'Jessica','Wilderman','ofelia72@example.org','+28(0)8550011470','2001-05-26 07:18:45','1983-01-14 09:50:30'),(51,'Jeanne','Wolf','nestor55@example.com','+98(8)8465884395','2006-08-05 04:59:30','2014-05-29 01:29:18'),(52,'Ethan','Russel','tyree48@example.com','1-491-660-5965x818','2000-06-04 19:23:33','2002-03-20 15:20:04'),(53,'Amiya','Daniel','ecremin@example.net','(523)511-5694','2009-08-20 17:45:01','1977-03-11 13:34:55'),(54,'Dimitri','Grady','schimmel.garett@example.net','1-219-790-1340x839','1999-11-12 01:16:38','2016-01-11 10:52:18'),(55,'Christophe','Kassulke','yasmeen.bogan@example.org','958.160.4090','2002-12-21 17:45:48','2010-10-17 23:01:34'),(56,'Name','Kshlerin','vreinger@example.com','874-360-5703','1975-12-02 04:19:32','1979-12-17 22:53:36'),(57,'Mohammad','Runolfsdottir','fgutmann@example.org','250-931-9427','2013-03-24 16:46:35','1990-03-17 17:49:22'),(58,'Jessica','Gusikowski','nico.corkery@example.org','1-302-279-1214x5588','1998-10-14 13:24:29','1982-04-04 23:55:11'),(59,'Alfonzo','Tillman','kilback.alanna@example.org','(157)556-6830x74218','2003-10-19 23:29:19','1983-07-20 00:32:24'),(60,'Lane','Kemmer','wintheiser.efrain@example.net','968.799.4156x7426','1997-12-22 09:33:32','2015-07-24 18:35:37'),(61,'Daryl','Nitzsche','ucollins@example.org','526.699.3915','1984-12-15 06:47:31','2006-01-07 14:19:25'),(62,'Libby','Mante','oernser@example.com','406.623.9115','2000-12-03 14:28:53','1974-06-27 00:52:07'),(63,'Hoyt','Ryan','o\'connell.janice@example.org','246.992.5233x988','2007-05-29 04:42:13','2005-11-22 05:34:09'),(64,'Cathrine','Fadel','xmertz@example.com','036.631.3716','2012-12-30 05:54:32','1985-07-03 16:19:55'),(65,'Myrl','Runolfsson','jaufderhar@example.org','910.505.0762x4640','1992-03-13 09:10:56','1978-02-01 23:11:35'),(66,'Casper','Thompson','naomi57@example.net','(716)249-7040x44424','2009-01-02 08:59:28','2003-08-18 00:52:59'),(67,'Derrick','Brakus','mdaugherty@example.com','(936)988-0162x151','2009-12-17 01:08:28','2005-08-11 00:59:59'),(68,'Alysha','Gerlach','kiera.sporer@example.org','1-287-105-7229x5260','2019-10-23 22:15:47','1995-06-30 08:50:37'),(69,'Emanuel','Waelchi','xrutherford@example.net','889.044.2221x6563','1979-05-01 05:06:59','1973-10-20 02:05:32'),(70,'Adelia','Schowalter','spencer.sally@example.net','1-797-724-2712x534','2007-05-05 02:11:02','1981-04-20 13:35:01'),(71,'Susie','Ledner','marianna12@example.org','(956)002-1912x1770','2001-03-14 12:13:13','1977-12-15 22:12:06'),(72,'Vicenta','Prohaska','gdeckow@example.com','519.921.4911','1975-03-27 12:07:43','2019-10-30 12:21:12'),(73,'Kaylie','Crist','joesph.daugherty@example.org','1-105-876-9874x84797','1989-09-12 01:09:50','1981-04-01 04:17:33'),(74,'Lupe','Schaden','smante@example.com','1-244-922-2183','2010-01-31 05:20:15','1979-06-03 22:20:49'),(75,'Eileen','Shields','smitham.bethel@example.com','1-033-282-4662','1996-11-30 19:44:28','1975-08-14 11:29:19'),(76,'Dayna','Glover','nolan76@example.com','09344100789','1994-12-22 04:46:05','1974-12-17 19:25:26'),(77,'Violette','Schaefer','schoen.joel@example.org','1-736-176-8259x1854','1989-03-04 18:27:50','2000-11-30 14:21:10'),(78,'Lindsey','Spencer','sanford.sandra@example.com','09947305036','2019-07-20 15:31:02','2016-06-22 11:07:11'),(79,'Gia','Weber','cecile25@example.com','413.457.3037','2019-03-06 14:25:17','2012-09-10 00:24:28'),(80,'Clement','Wolff','merlin64@example.net','1-414-888-5812x7003','1994-07-22 16:54:46','1983-05-26 21:42:19'),(81,'Vicky','Bauch','elta36@example.net','+58(3)3328828793','1987-10-21 20:08:54','1980-01-01 21:28:47'),(82,'Carson','VonRueden','jordi75@example.com','+11(2)6700173399','1996-09-15 03:41:39','2007-02-05 01:28:36'),(83,'Julie','Deckow','windler.wilford@example.org','+27(7)5120559573','2015-09-21 01:03:40','2006-12-21 11:07:58'),(84,'Lenora','Blanda','jbartoletti@example.org','02047287778','2003-05-14 14:51:30','2013-12-24 09:34:03'),(85,'Glennie','Auer','enoch.botsford@example.com','1-393-257-7245','2010-09-18 16:02:05','1997-07-09 12:31:37'),(86,'Creola','Fadel','khauck@example.com','(370)233-9563x29195','2006-09-25 17:18:48','1990-07-13 09:12:37'),(87,'Vicente','Murphy','berniece61@example.net','1-435-577-2828x673','1998-08-21 18:29:18','1994-07-22 05:27:14'),(88,'Beth','Beier','bpagac@example.net','985-173-6251x795','1986-08-21 10:39:35','1979-03-20 21:32:53'),(89,'Darby','Beier','lindsey83@example.net','975-506-3172x4944','1990-12-18 14:22:51','2007-11-18 18:24:50'),(90,'Oscar','Wintheiser','fmclaughlin@example.net','09858646450','2003-02-08 22:51:52','2016-03-14 01:03:45'),(91,'Lionel','Greenfelder','peyton73@example.net','961-526-3021x7175','1999-11-26 11:24:20','1999-01-09 06:02:51'),(92,'Berenice','Hamill','kimberly63@example.com','037-609-1580x07244','2017-06-24 19:13:23','2002-04-21 19:39:07'),(93,'Jules','Larson','marisa18@example.net','(393)159-7462x89189','1997-12-24 04:21:32','2006-07-02 07:48:09'),(94,'Salvatore','Lockman','olson.arvilla@example.org','+31(0)7085127887','1976-11-25 18:36:58','1990-02-23 12:44:59'),(95,'Demetris','Donnelly','rickie.hoeger@example.net','(882)701-2112','1984-04-03 10:59:27','2000-12-24 23:02:38'),(96,'Silas','Franecki','altenwerth.jaida@example.org','992.705.8911','1974-04-22 19:59:44','2014-03-26 23:35:11'),(97,'Arnulfo','Jast','josh11@example.com','473.918.2823','2003-03-31 03:50:49','1972-08-23 19:11:46'),(98,'Ardella','Stokes','ankunding.karson@example.com','(378)129-4202','2013-10-22 11:16:11','1984-03-08 01:02:57'),(99,'Davonte','Kuhic','buckridge.travis@example.com','02781050362','1987-09-17 15:32:54','2005-10-16 20:48:49'),(100,'Cynthia','O\'Keefe','sven77@example.com','+49(8)4047365984','2001-02-01 20:31:38','1977-06-16 04:00:49'),(101,'Izaiah','Kuhn','tressa53@example.org','953-108-8295','1982-09-10 02:35:12','1974-09-16 12:52:58'),(102,'Ayden','Walsh','marian07@example.org','(209)275-9208','1977-08-03 13:28:03','2006-12-31 04:36:57'),(103,'Donny','Wisoky','ankunding.drew@example.org','02489473598','2009-06-13 17:40:38','1970-11-15 03:32:25'),(104,'Raphael','Kerluke','marco.dare@example.com','(220)773-7220x490','2009-07-19 17:14:11','1971-04-03 08:31:09'),(105,'Leann','Schuppe','eliseo.conroy@example.net','07123307228','1997-03-10 08:56:54','1982-02-21 20:42:07'),(106,'Keshawn','Raynor','corkery.garett@example.net','1-966-189-1034x3555','2008-03-05 20:52:56','1977-06-11 21:11:36'),(107,'Lauryn','Gerhold','gregoria50@example.com','358-223-6572','1980-08-29 20:21:43','1971-10-30 06:51:45'),(108,'Max','Volkman','ondricka.kamryn@example.com','(993)994-4297x469','1977-09-06 21:38:46','1999-07-26 19:00:21'),(109,'Alan','Mayer','lind.kareem@example.net','485.329.4471x4984','1996-10-21 19:53:02','1997-01-24 19:16:07'),(110,'Godfrey','Dibbert','leanna.windler@example.net','1-243-888-1393x53396','1995-02-22 12:54:24','1990-08-07 12:40:09'),(111,'Micah','Kautzer','zvonrueden@example.net','+98(3)9305840033','1976-11-09 20:11:49','1983-11-29 01:08:13'),(112,'Kareem','Kunde','sammy.strosin@example.com','044.543.9365x40682','1972-10-16 18:56:06','2006-04-24 19:47:55'),(113,'Tony','Schmitt','macie.dare@example.net','279.706.2517','1985-03-02 21:31:31','2004-01-21 21:53:40'),(114,'Rubie','Stroman','rmohr@example.org','09371726885','1987-03-13 13:11:52','1979-06-23 18:05:15'),(115,'Howard','Stamm','weissnat.courtney@example.net','200-523-4311x05367','1978-12-29 17:59:56','2001-09-12 15:14:33'),(116,'Elisa','Friesen','ludie.shields@example.org','00276812811','1982-06-29 02:24:04','2004-10-04 23:05:55'),(117,'Hulda','Adams','rhuels@example.org','801-212-3167x74525','2006-12-18 03:29:08','1977-06-04 22:34:29'),(118,'Dawn','Price','madeline86@example.org','(144)847-4002x4539','1984-08-25 05:32:58','2008-08-08 18:52:23'),(119,'Spencer','Stokes','raynor.kurt@example.com','1-580-131-3181','2005-05-18 12:29:12','1991-06-06 01:31:22'),(120,'Presley','Lynch','krista.gerlach@example.com','(179)948-8215x475','2001-10-11 02:09:42','1972-08-31 10:55:18'),(121,'Edyth','Leuschke','rferry@example.com','1-716-391-9309x958','1972-08-20 15:40:02','1980-02-10 08:45:45'),(122,'Eloise','Hintz','ahickle@example.org','729.471.2570','2009-12-25 01:25:42','1995-01-10 21:44:34'),(123,'Novella','Nienow','suzanne.mclaughlin@example.org','(457)911-5063x39915','2015-03-06 03:13:08','1970-02-10 10:49:02'),(124,'Kaleigh','Boyle','wellington55@example.org','393.692.1539','1997-10-12 11:05:44','1995-08-11 01:28:13'),(125,'Jeffery','Medhurst','abigale.reichert@example.org','930-656-2807','1975-02-27 12:47:00','1989-11-11 20:46:28'),(126,'Marcelle','Kautzer','erolfson@example.net','1-368-136-0651x640','2016-03-11 13:53:38','1996-12-06 00:47:29'),(127,'Brown','Runolfsdottir','zoberbrunner@example.net','(730)682-0020x797','1984-09-01 07:07:21','2019-08-01 11:07:59'),(128,'Alessandra','Will','go\'keefe@example.com','272.197.6305x350','1971-11-11 18:14:28','1987-11-10 08:14:22'),(129,'Florine','Kertzmann','swift.milo@example.com','127.729.8710','2006-10-01 22:17:01','1988-09-23 22:35:00'),(130,'Earlene','Lakin','vweissnat@example.com','1-987-822-2470x886','1979-12-03 03:04:07','2006-10-14 19:47:07'),(131,'Hailey','Douglas','retha.kulas@example.org','00794577580','2005-10-15 21:03:19','2017-07-17 22:15:13'),(132,'Rosie','Hegmann','stroman.aiyana@example.org','1-700-415-4081','1984-10-15 09:41:19','1971-07-18 03:19:29'),(133,'Johnny','McLaughlin','langworth.hermina@example.net','+02(5)9288088150','1980-04-24 14:17:30','1993-10-14 00:05:38'),(134,'Hermann','Turner','zkohler@example.net','+01(2)4633476752','1999-12-29 19:48:58','1975-06-04 03:00:13'),(135,'Lauryn','Nicolas','homenick.russel@example.com','107.016.6062x9695','1973-12-07 21:16:56','1981-05-21 05:53:03'),(136,'Domenick','Carter','xturcotte@example.com','260-795-7928','1976-04-20 07:55:47','2012-04-02 03:38:44'),(137,'Jaylan','Langosh','vbednar@example.org','073.385.3843x9874','1984-10-05 07:15:42','2017-04-14 13:40:32'),(138,'Chase','Kautzer','corene39@example.org','500-687-6635','2019-09-11 06:09:10','1984-07-18 09:21:56'),(139,'Tommie','Wunsch','ajacobson@example.org','(040)148-7486','2004-06-06 06:10:45','2015-03-02 18:39:17'),(140,'Griffin','Hudson','hsteuber@example.org','509-807-4735x221','2019-02-05 15:07:18','2017-07-29 03:51:27'),(141,'Makenna','Olson','sylvester.zboncak@example.net','522-876-5030x28619','1970-02-27 01:49:32','2014-12-24 19:42:14'),(142,'Emma','Herzog','qlangosh@example.org','08000393998','1995-08-12 03:50:50','1980-10-23 11:19:11'),(143,'Shanel','Mayer','misty27@example.org','167.434.6237x55055','2001-09-15 17:04:47','2011-06-23 02:18:09'),(144,'Rene','Boyer','pascale.strosin@example.net','07791574743','1992-04-25 05:01:00','1970-07-28 12:42:19'),(145,'Carmen','Stroman','cartwright.tiffany@example.org','1-985-292-3031','2004-10-14 07:29:48','2015-02-25 13:22:17'),(146,'Elvera','Paucek','murphy.vita@example.net','(076)622-1811x55902','1987-05-29 09:47:04','2002-10-04 22:03:53'),(147,'Ed','Volkman','obraun@example.com','05167958361','1979-03-09 12:53:55','1979-03-18 12:39:38'),(148,'Consuelo','Walker','jolie.abernathy@example.org','00761843641','2016-11-25 01:15:23','2012-01-14 18:09:40'),(149,'Horace','Casper','patsy.roob@example.org','1-239-166-5783','2005-02-24 06:10:26','1986-05-17 22:29:09'),(150,'Mia','Wisozk','claudine76@example.net','191-852-9725x380','1986-11-21 17:19:46','1970-10-28 02:01:51'),(151,'Brenna','Conroy','natalia.harvey@example.com','1-606-406-8618x35238','1998-03-06 04:00:36','1995-10-27 10:57:18'),(152,'Erin','Casper','johnston.maurice@example.net','602.053.4140x19635','1970-07-04 01:36:50','2008-09-24 09:55:35'),(153,'Agustina','Altenwerth','anya.heidenreich@example.com','1-113-123-7698','1986-10-13 12:48:42','1993-01-03 18:52:14'),(154,'Chelsie','Jerde','dmueller@example.org','1-781-234-9480x80862','2018-06-20 01:46:01','1977-06-22 00:35:51'),(155,'Kayden','Wolf','mlakin@example.com','630-629-3805x957','2013-08-24 03:19:06','1995-05-25 17:31:49'),(156,'Jon','Bruen','nbernhard@example.net','550.799.0415','1975-02-22 21:12:59','2006-07-28 16:17:44'),(157,'Noemie','Green','cfarrell@example.org','878-964-1010','1984-05-11 19:08:13','1975-04-08 08:03:19'),(158,'Nikolas','Will','jessie78@example.com','(420)790-9129x51404','1983-06-29 16:15:37','1996-09-01 01:31:28'),(159,'Rickie','White','friesen.llewellyn@example.com','1-989-529-3752x105','2000-02-17 04:03:05','1997-04-18 18:14:25'),(160,'Gerard','Romaguera','adolph76@example.org','962.030.8113','2015-07-28 20:38:46','2008-01-24 17:43:57'),(161,'Imogene','Deckow','heller.vernie@example.org','963.096.9581','1985-08-25 16:55:58','1986-04-19 09:55:31'),(162,'Adan','Leffler','marvin.lowe@example.net','1-861-969-9212x7142','2006-12-08 11:34:45','1985-06-12 00:01:12'),(163,'Jameson','Osinski','harmony89@example.org','09424409685','1983-09-27 11:59:21','2007-04-29 09:56:50'),(164,'Tiffany','Connelly','greenholt.nick@example.org','+61(8)5397819300','1988-10-15 00:52:51','2005-03-13 15:47:18'),(165,'Haley','Reinger','mia.cruickshank@example.com','992-451-4082x212','2003-10-15 06:05:36','2002-01-12 07:37:27'),(166,'Hassan','Purdy','wilhelmine53@example.net','08127341460','2006-03-22 09:53:58','2018-04-01 01:41:34'),(167,'Baron','Greenfelder','eda37@example.org','575-727-5737','1994-04-22 21:47:03','2010-05-10 00:04:31'),(168,'Nikolas','Cummerata','ngleichner@example.net','1-008-200-1970','1997-06-09 15:25:02','1981-12-05 04:29:40'),(169,'Alanis','Kirlin','jonathon.watsica@example.org','01060492983','2006-06-06 22:17:09','1974-07-30 22:42:06'),(170,'Toby','Becker','feest.benedict@example.net','268-108-2615x6856','1998-06-15 11:58:44','2008-11-07 23:35:58'),(171,'Frances','Smith','conn.emie@example.org','04023313916','2014-01-12 08:48:30','2016-05-20 04:41:37'),(172,'Meggie','Fisher','rebeka.russel@example.com','1-098-118-6110x92215','2003-03-24 15:11:28','2015-05-31 08:41:24'),(173,'Richie','Bogan','lauren.schroeder@example.org','01381962396','1975-10-01 08:03:57','2004-09-22 13:52:46'),(174,'Casandra','McGlynn','gutkowski.vivianne@example.net','274-522-0796x526','1981-02-03 15:20:37','1985-10-20 12:14:20'),(175,'Kylie','Larson','joany08@example.com','(541)933-1817x7875','2019-01-10 03:33:19','1979-01-15 19:00:30'),(176,'Juana','Jaskolski','joannie75@example.com','206.492.6756x885','2013-08-17 09:35:12','1984-07-10 18:17:10'),(177,'Edwin','Vandervort','casimer88@example.org','1-025-141-4247','1973-07-18 15:33:04','1999-07-14 00:00:02'),(178,'Adan','Hammes','annabel19@example.com','757-394-4746','1978-04-24 02:47:31','1980-01-12 22:35:48'),(179,'Raquel','Kozey','iliana.mertz@example.com','646.136.1389x9202','1986-02-07 21:24:58','1970-01-23 06:23:35'),(180,'Darian','Goldner','terry64@example.org','(466)033-3960','1979-12-04 17:24:10','2017-08-26 17:18:40'),(181,'Alanna','Ebert','ekemmer@example.org','1-026-808-5830x65917','2008-11-09 13:33:14','1982-06-07 16:44:11'),(182,'Vernie','Toy','wjerde@example.net','+79(1)4590272407','1983-01-19 02:58:03','1979-05-24 00:50:23'),(183,'Braxton','Batz','therese.lebsack@example.net','(868)379-8760','2012-07-17 16:07:06','2002-11-14 12:09:16'),(184,'Nona','Konopelski','cgislason@example.com','217.008.9400','1994-12-03 01:50:00','1987-12-24 17:02:02'),(185,'Luisa','Nitzsche','wellington.thiel@example.net','161-071-6242x0302','2015-12-29 22:25:04','1978-03-29 18:03:50'),(186,'April','Wilkinson','ambrose.hahn@example.com','1-002-570-1982','1974-12-18 14:08:28','2001-08-13 04:59:48'),(187,'Dahlia','Zemlak','mertz.krista@example.net','870-195-6712','1985-05-19 10:57:57','2007-09-18 06:03:24'),(188,'Andrew','Schroeder','vwalsh@example.net','789-051-4913x04402','1983-09-12 08:13:18','1979-01-27 15:36:42'),(189,'Heber','Champlin','carmelo91@example.net','325.418.7280','2008-08-26 22:47:35','1983-06-14 21:10:00'),(190,'Antoinette','Johnston','vnader@example.org','1-800-452-2040','2000-04-16 14:13:18','2019-11-06 16:14:28'),(191,'Leonor','Quitzon','mosciski.emil@example.net','1-094-651-7202x41130','1988-01-06 16:02:40','2012-05-09 20:33:38'),(192,'Vincent','Lueilwitz','elmer.kunde@example.com','1-890-819-1578x5422','2004-02-17 03:44:29','1985-01-10 04:24:06'),(193,'Fanny','Haag','grant.bernie@example.com','662-626-6518','1999-11-24 15:05:05','1991-01-20 03:45:25'),(194,'Meredith','Monahan','heller.payton@example.net','514.085.4615','1977-10-12 05:51:21','1972-02-17 10:21:09'),(195,'Josiane','Wisozk','beahan.hilton@example.com','+94(0)8333966166','2011-05-13 12:58:02','1970-08-12 16:50:59'),(196,'Angela','McClure','alanis22@example.net','(944)701-1832','1986-10-27 07:39:40','1974-03-27 00:25:45'),(197,'Libbie','Schneider','lenore36@example.org','(626)023-6462','1975-02-21 23:12:51','2019-04-29 00:21:15'),(198,'Reinhold','Terry','helga.luettgen@example.org','(366)726-6448','2000-07-12 08:12:33','2007-06-15 19:17:52'),(199,'Rosalinda','Langworth','jgusikowski@example.org','(681)251-6538','1987-06-16 20:00:30','1986-05-30 09:06:36'),(200,'Adaline','Crooks','nmonahan@example.com','737.384.0322x75239','1987-03-20 18:51:10','1994-11-16 11:03:24'),(201,'Mikel','Howe','ken13@example.org','(168)396-8422x02759','1989-03-10 03:21:33','1986-01-11 12:16:40'),(202,'Alva','Howell','jordane07@example.net','+45(3)8741840839','2019-11-23 15:57:37','2006-12-10 01:16:52'),(203,'Ruben','Breitenberg','darrick.emard@example.org','675-339-7973x33250','2018-07-24 02:10:42','2010-11-27 10:42:57'),(204,'Melyssa','Toy','heidi61@example.com','+87(1)0284211022','1982-01-22 20:03:48','1971-03-11 17:48:10'),(205,'Rachel','Bruen','connelly.nelle@example.com','(039)391-3646x003','1982-05-24 13:10:02','1983-04-12 11:35:20'),(206,'John','Howell','alexander.carroll@example.net','(950)376-7079','2013-06-25 14:39:08','1973-05-01 02:45:19'),(207,'Jada','Keebler','hvandervort@example.com','1-985-104-9886x689','2015-11-26 14:16:52','2018-09-24 22:19:51'),(208,'Giovanna','Purdy','wiegand.laverna@example.org','1-974-911-7883','1983-02-17 22:54:53','2015-05-23 07:20:44'),(209,'Rasheed','Bogan','xgutkowski@example.com','(469)886-8827x18015','2002-01-04 18:48:17','2008-02-02 08:42:52'),(210,'Wilson','Kovacek','torp.ian@example.com','193-308-4733','2001-12-29 09:14:46','1993-02-25 03:48:35'),(211,'Obie','Koepp','ghilpert@example.com','01182071538','2013-09-23 01:54:02','2009-06-15 00:57:11'),(212,'Dayne','Pagac','pgulgowski@example.com','372-678-1811x492','1991-11-29 01:52:13','2007-09-12 00:23:36'),(213,'Araceli','Kihn','enrique.bergstrom@example.net','+29(8)7649829672','1986-03-10 16:48:56','1987-01-09 13:15:54'),(214,'Reagan','Kuhlman','brent50@example.net','077-251-0269x2901','1979-08-21 13:21:05','2007-03-18 18:57:05'),(215,'Marilie','Kemmer','dtromp@example.com','07740637554','2011-08-26 00:33:33','2003-09-16 05:26:38'),(216,'Amira','Hammes','shields.libbie@example.org','277-855-8387','1997-11-21 08:06:53','2010-02-21 02:48:15'),(217,'Liana','Moore','trinity69@example.net','(759)723-4701x4623','2019-12-19 12:41:37','1973-07-15 09:05:38'),(218,'Sadye','Kerluke','kenneth03@example.net','582-888-5085x95523','1998-01-06 08:06:48','1979-11-10 13:54:07'),(219,'Edyth','Steuber','rhett.wolff@example.net','439-575-1045x5431','1985-12-10 20:29:43','2016-07-01 17:45:40'),(220,'Travis','Lueilwitz','cole44@example.org','05023377587','1992-12-21 21:57:40','1984-05-01 22:47:57'),(221,'Marie','Zulauf','arne.schamberger@example.com','1-438-347-8520x674','2016-11-08 21:20:51','2019-04-03 23:13:27'),(222,'Jarod','Frami','corwin.gayle@example.com','693.392.9688','1974-03-14 16:27:11','1986-07-30 04:28:50'),(223,'Vaughn','Schumm','ro\'kon@example.net','(529)551-6738','1995-04-19 07:35:54','1994-07-24 13:54:30'),(224,'Brain','Lang','yost.tristin@example.org','965.955.2727','2007-05-29 19:55:14','2002-04-23 22:22:22'),(225,'Elliot','Schimmel','mhermiston@example.net','347-734-9331x8071','1978-02-15 04:37:55','2000-06-20 17:30:56'),(226,'Garland','Huels','scottie06@example.net','1-790-256-9196x8844','2007-10-07 10:17:15','1995-10-06 17:59:15'),(227,'Lon','Stroman','dschaden@example.org','(898)469-0199','2006-12-20 15:29:15','1984-02-26 09:36:33'),(228,'Keenan','Labadie','dannie41@example.org','985.661.5116','2019-08-11 19:43:08','1995-12-30 14:16:22'),(229,'Tommie','Carter','brook.vonrueden@example.org','+81(5)0919034929','2014-05-24 14:03:45','2001-04-04 06:42:44'),(230,'Darrell','Jacobi','lboyle@example.org','895.414.1246x7713','1980-03-03 02:34:56','1977-03-13 12:07:16'),(231,'Maude','Daugherty','robb70@example.net','(376)737-3046x837','1989-04-28 06:24:43','2017-06-08 04:10:24'),(232,'Esta','Barton','west.jorge@example.net','470.534.0669x32932','2014-04-22 19:33:36','2002-03-05 05:36:47'),(233,'Thad','Boyle','towne.libby@example.org','122-279-3456','2007-02-15 05:48:44','1986-06-10 02:53:07'),(234,'Mariano','Deckow','emorar@example.net','204.491.1869x2718','2012-02-15 22:07:10','2011-12-27 10:38:56'),(235,'Mya','Harris','genesis.gaylord@example.com','1-322-706-6886x118','1996-01-07 20:17:13','2013-11-30 15:09:02'),(236,'Norberto','D\'Amore','flavio04@example.net','252-533-4150','1998-06-22 05:20:19','1993-11-24 18:59:30'),(237,'Eloisa','Balistreri','yazmin58@example.com','899.200.2959','2007-06-25 02:33:04','1983-08-18 04:26:00'),(238,'Rosa','Murazik','eugene85@example.org','774.400.4695x2598','2011-06-18 07:40:18','2008-02-16 14:11:28'),(239,'Sarah','Ziemann','gkling@example.net','(545)054-6284','1974-12-12 14:58:48','2010-02-25 18:22:08'),(240,'Turner','Ledner','citlalli19@example.com','1-645-847-0108x4325','1983-06-15 21:43:50','2014-10-09 20:49:10'),(241,'Marina','Marvin','ylabadie@example.org','1-114-114-9303','1990-01-13 09:29:10','1999-03-09 05:21:02'),(242,'Kyleigh','Breitenberg','rose.schultz@example.net','1-238-717-3026x198','1999-07-10 20:11:19','1984-04-13 16:11:18'),(243,'Nels','Keebler','thompson.margot@example.net','(804)611-0437x1102','1976-12-19 00:42:38','1985-04-28 04:03:01'),(244,'Katelyn','Runte','herzog.donna@example.org','05849381844','1991-04-24 13:38:15','1977-05-15 08:36:43'),(245,'Ruby','Howe','dayton21@example.com','09290497458','2014-05-16 11:33:13','1982-03-31 17:36:19'),(246,'Carley','Leffler','sydney.hilpert@example.com','(188)426-0067x49324','2014-09-20 21:52:18','2009-01-12 17:15:56'),(247,'Anjali','Kuhlman','otromp@example.net','1-108-429-2175x18910','1978-09-15 07:16:52','2010-03-19 20:03:45'),(248,'Elsa','Kerluke','abdullah64@example.org','1-143-706-4479','2005-07-11 23:18:23','1985-08-19 10:20:01'),(249,'Eliza','Gaylord','albin74@example.com','05712177616','1990-10-05 23:07:49','1984-09-17 14:13:19'),(250,'Tara','Ryan','ransom.cormier@example.net','(760)367-8351x359','1994-11-06 13:55:53','2013-05-09 08:43:22'),(251,'Meta','Parisian','sanford.marc@example.com','1-142-308-1592x980','2011-04-13 21:00:33','2005-09-28 12:10:31'),(252,'Anne','Schroeder','lysanne.kautzer@example.org','769-921-6258x414','1974-04-26 08:05:39','1990-12-12 13:28:57'),(253,'Abelardo','Bednar','robel.xavier@example.com','(471)683-8853x2348','1975-09-26 22:04:37','1997-12-20 22:45:29'),(254,'Jude','Ritchie','osinski.erika@example.org','(268)365-3771','1993-03-23 00:58:58','2017-07-22 00:59:24'),(255,'Orlando','Metz','herminia83@example.org','732.265.5166','2007-07-05 11:09:14','2008-11-14 16:48:53'),(256,'Ofelia','Osinski','quincy53@example.org','255.984.5283','1997-05-19 13:22:29','2015-10-23 11:37:18'),(257,'Cody','Cronin','jeanne35@example.com','(099)625-0443x102','2000-06-04 16:12:41','2001-08-11 19:49:34'),(258,'Christ','Kshlerin','smith.olga@example.org','844.284.3834','1995-11-27 13:16:15','2007-03-27 04:12:22'),(259,'Christine','Grant','sidney.senger@example.net','819-283-0691','1995-06-22 09:53:01','1975-01-27 06:27:22'),(260,'Delphine','Bashirian','lera59@example.net','366-569-8526','1990-05-25 21:22:16','1989-01-12 02:03:57'),(261,'Jermey','Trantow','julia.franecki@example.net','1-523-353-7229','1995-01-16 09:24:05','2007-02-27 03:51:30'),(262,'Maddison','Schinner','ocorwin@example.net','(347)532-7888x830','2011-09-13 17:04:01','2009-08-28 20:34:12'),(263,'Granville','Mraz','mafalda37@example.net','1-159-421-9828x8155','2005-10-03 15:32:34','1978-09-25 16:44:46'),(264,'Anissa','Kemmer','lillian56@example.com','1-672-011-2535x09746','1987-08-19 21:36:55','2011-03-22 23:17:22'),(265,'Meagan','Nicolas','sasha37@example.net','(241)023-0655','1975-05-02 03:39:11','2003-06-05 15:54:49'),(266,'Coy','Nikolaus','devonte.funk@example.org','(308)287-2839','2018-11-07 08:57:41','2015-06-16 18:19:56'),(267,'Alexis','Spencer','kathryne.mayer@example.org','(473)299-1653x021','2015-11-24 02:19:24','1972-11-07 07:50:28'),(268,'Idell','Adams','kreiger.gideon@example.com','529.021.4475','1997-03-28 09:59:15','1999-10-25 15:34:26'),(269,'Mireille','VonRueden','rau.adrian@example.net','831.926.0425','1998-01-25 01:25:39','1976-03-17 18:41:19'),(270,'Rico','Reinger','buckridge.earnest@example.net','786.210.7149x2698','2011-01-17 11:05:32','1999-12-31 10:33:43'),(271,'Camren','Fadel','clint.russel@example.org','271-851-2956x668','1995-07-22 19:34:00','2004-08-27 20:14:02'),(272,'Aliza','Berge','iwaters@example.com','04137328263','2016-07-08 07:59:31','1974-11-21 00:05:20'),(273,'Alvina','Rath','haven24@example.com','1-535-324-9177','2017-10-14 11:47:07','1993-10-22 14:15:08'),(274,'Mustafa','Mohr','howe.maudie@example.org','1-534-345-4647x327','1997-10-07 14:00:15','2010-04-16 08:34:04'),(275,'Lenny','Murazik','delphine30@example.net','(660)475-4784x9673','1975-12-15 00:02:17','2015-03-20 02:30:59'),(276,'Nettie','Leuschke','khalil.o\'hara@example.net','+16(4)5015987532','1996-08-15 16:01:45','2003-11-03 08:45:23'),(277,'Chester','Macejkovic','wlarkin@example.org','(488)710-1592x05992','1985-05-16 02:33:26','2005-03-14 19:55:08'),(278,'Demetrius','Kihn','ozella.powlowski@example.org','(691)898-2385','2018-11-25 01:18:30','1999-05-01 22:11:24'),(279,'Minnie','McClure','hyman89@example.net','579-403-8713','1991-03-02 11:10:14','1972-09-27 14:37:50'),(280,'Juliet','Muller','jaquan82@example.org','601.341.3999','1984-11-23 21:33:01','2017-07-04 20:38:05'),(281,'Ryley','Collins','zelma82@example.net','1-606-434-3669x938','1990-10-01 15:15:24','1982-10-24 03:53:38'),(282,'Carley','Dibbert','ylebsack@example.net','528-887-4695x955','1996-06-22 16:47:15','1989-05-02 14:03:51'),(283,'Claudine','Gorczany','hellen.orn@example.org','174-733-8971x123','1982-08-07 23:39:07','1991-10-14 00:17:26'),(284,'Adrianna','Lind','pierre.weissnat@example.org','054.836.4530','1973-06-17 12:24:20','2008-04-12 17:21:13'),(285,'Dustin','Harvey','grimes.charley@example.com','335.683.5529x1587','2014-05-17 20:17:55','1994-03-25 19:47:22'),(286,'Roger','Grant','sam.collier@example.net','+40(8)4826403935','1999-12-21 00:36:43','1986-06-29 10:20:46'),(287,'Madalyn','McLaughlin','sbergnaum@example.net','459.179.6023x99789','1978-11-05 05:50:28','1989-07-23 12:34:01'),(288,'Assunta','Wolff','sally.rippin@example.net','1-601-246-8506x66833','2000-10-24 11:20:05','1990-04-28 18:45:05'),(289,'Eugenia','Padberg','dgibson@example.net','(996)923-8610','2013-12-01 22:43:14','1972-05-17 02:57:29'),(290,'Melissa','Daniel','lhilpert@example.org','1-290-589-7678','2013-02-10 15:24:19','2009-01-04 13:59:07'),(291,'Tiara','Terry','nbailey@example.com','936-626-9324x2582','2010-02-26 08:39:16','1973-05-16 23:53:00'),(292,'Leila','Tromp','pbruen@example.org','912.990.6119x4323','2016-09-13 18:08:51','2007-03-08 07:04:13'),(293,'Kenyatta','Herzog','lbogisich@example.net','(996)299-4566x115','1980-07-06 07:05:17','1992-08-05 11:43:57'),(294,'Lucy','Sporer','stark.lucio@example.com','(538)277-9135x75319','1981-07-14 04:28:18','1998-12-08 21:40:06'),(295,'Leda','Legros','dlabadie@example.com','(661)383-8989x4270','1974-02-07 12:25:29','1980-01-14 14:15:47'),(296,'Viviane','Jaskolski','raynor.dillan@example.org','+75(8)1187917093','2013-08-22 04:51:47','1978-12-01 11:56:32'),(297,'Humberto','Haag','kuphal.charlie@example.com','042-130-2557','2000-12-21 00:01:34','2001-09-27 21:12:11'),(298,'Cleora','Mohr','demond.rau@example.com','1-719-738-9855','2017-08-09 17:54:49','2013-06-12 12:54:12'),(299,'Pearlie','Ruecker','miguel.schumm@example.com','+49(3)7286761818','1999-09-02 18:01:29','1998-05-19 12:01:56'),(300,'Kristy','Huel','rpfeffer@example.net','071-398-9203x337','1976-11-14 14:06:42','1978-06-16 03:27:26'),(301,'Lorenzo','Langworth','mgreenholt@example.net','1-712-793-0778','2015-11-05 17:58:15','1993-08-10 02:02:22'),(302,'Oren','Bartell','jodie36@example.com','574.951.7593x102','1975-02-19 08:35:57','2008-05-07 21:32:29'),(303,'Noemy','Cronin','kfisher@example.org','(095)643-8529x7959','1976-02-15 21:35:49','1980-01-22 07:59:34'),(304,'Dayton','Ruecker','randall31@example.org','06333287682','2005-09-22 09:17:50','1982-12-26 08:47:49'),(305,'Kiarra','Nicolas','bmckenzie@example.com','+34(4)9472422811','1985-03-21 19:30:13','1973-01-07 11:27:08'),(306,'Wilbert','McDermott','esther.purdy@example.com','(406)143-1092x963','2005-04-12 21:38:56','2013-12-15 04:36:45'),(307,'Saul','Bechtelar','vinnie52@example.org','1-774-324-6989','2013-04-11 08:04:38','2010-07-29 23:10:05'),(308,'Vaughn','Shields','brennon72@example.org','760.459.3443','2010-08-20 04:30:24','1989-08-31 10:25:28'),(309,'Ivory','Sauer','marcella28@example.com','146.182.6069x1409','2005-07-13 18:40:48','1988-06-09 04:59:32'),(310,'Cierra','Jenkins','marjorie62@example.org','(362)789-2560','1989-07-18 01:47:28','2016-12-18 23:35:51'),(311,'Conner','Mertz','jaida.lakin@example.com','726-938-3515','1993-08-22 17:07:44','1994-11-24 01:58:56'),(312,'Destini','Flatley','berenice75@example.org','089-123-5358x77630','2004-11-20 20:41:36','1987-06-09 06:24:16'),(313,'Douglas','Stehr','kendrick40@example.com','041.240.6689x881','2016-06-02 15:41:41','2004-07-18 19:50:56'),(314,'Carlie','Ullrich','toy.ashlynn@example.org','(478)619-6432','2015-04-17 19:16:40','2003-04-08 14:58:34'),(315,'Jeff','Waters','ruben33@example.com','(795)536-0584','1981-04-15 18:29:07','1978-04-06 21:06:42'),(316,'Stan','Murray','nathaniel.purdy@example.org','1-125-209-3065','1998-04-05 12:53:15','1982-07-10 19:26:46'),(317,'Grover','Bauch','ethel92@example.net','(590)475-6894x884','1992-09-08 12:06:15','2010-03-01 13:20:48'),(318,'Ava','Barrows','sigurd.dicki@example.net','322.021.6617','1972-08-19 14:42:18','2017-05-24 10:34:52'),(319,'Kaylee','Roberts','conroy.shanna@example.com','1-819-280-1665','2002-02-08 21:17:20','2002-01-29 17:46:36'),(320,'Lilyan','Treutel','rblick@example.org','026.282.0214','2004-04-29 20:26:05','2018-07-19 14:26:17'),(321,'Mohammad','Yost','corkery.concepcion@example.com','281-265-8454','1984-05-01 14:07:39','1978-03-17 13:56:46'),(322,'Annie','Bartell','boris.daniel@example.net','902.130.8641','2009-03-25 02:13:24','1972-12-15 15:33:39'),(323,'Kelsi','Wisoky','nstracke@example.com','(194)785-3722x0699','2005-01-16 15:10:58','1991-03-17 05:15:56'),(324,'Sincere','Haley','jeremie.mosciski@example.net','1-351-057-5425x32601','1999-07-16 04:17:41','2004-02-07 07:25:12'),(325,'Ignatius','Roob','jwaelchi@example.net','380-502-5295x3822','2010-01-10 11:53:01','1985-03-26 03:44:36'),(326,'Danial','Weimann','dubuque.novella@example.org','(349)015-3308','2015-05-10 10:18:49','1973-10-02 20:25:01'),(327,'Adrienne','Bednar','rebert@example.net','+46(3)9114740903','1977-12-29 22:11:55','2009-03-05 13:54:49'),(328,'Birdie','Hoppe','durward57@example.com','02899000023','1975-10-23 13:07:57','1973-09-26 12:16:47'),(329,'Trent','Mante','jeanie98@example.com','(700)871-8113','2011-06-26 14:39:10','1991-11-15 10:44:22'),(330,'Camryn','Swaniawski','charlene.goodwin@example.net','(496)843-7635','2006-01-17 10:20:16','1992-01-14 12:24:03'),(331,'Randall','Rolfson','hodkiewicz.veda@example.com','209-844-0451','1978-10-28 15:37:09','1983-03-06 20:52:23'),(332,'Lesley','Cormier','eugene.mitchell@example.net','1-758-449-6362','2006-09-23 21:21:27','1977-03-12 01:59:21'),(333,'Dillan','Botsford','ernie27@example.org','+21(6)8859023407','1982-12-20 07:59:11','1974-03-04 13:57:51'),(334,'Courtney','Yundt','idonnelly@example.com','922.325.0325','1984-01-01 23:25:18','1991-04-23 01:17:04'),(335,'Chance','Ruecker','treva98@example.net','(165)821-3449','1985-05-17 10:10:41','2013-02-26 07:59:07'),(336,'Sylvan','Bradtke','sherwood.medhurst@example.net','+71(0)0392652539','1978-12-08 01:13:30','1990-05-01 10:01:08'),(337,'Reva','Hamill','bmurray@example.org','(094)519-4192x123','1970-05-27 22:49:43','1983-02-26 20:20:42'),(338,'Jeffry','Herman','marcelina.weissnat@example.net','289.382.1318x187','1972-09-18 18:13:46','1999-04-26 10:46:05'),(339,'Antonette','Hoppe','bborer@example.com','312-667-6021x838','1973-12-28 07:37:10','1988-08-30 14:15:55'),(340,'Darby','Ryan','eo\'conner@example.org','(819)656-9807','1973-09-29 03:28:30','2011-10-04 19:21:01'),(341,'Giovanni','Keeling','ryley.hirthe@example.com','02202295927','1977-10-21 23:30:45','1981-09-17 13:58:21'),(342,'Erika','Bashirian','esther20@example.com','170-087-2965x9095','1987-11-28 12:17:28','2002-08-29 05:47:31'),(343,'Tre','Rempel','gsporer@example.net','306.180.2079x681','2019-04-01 13:12:53','1989-08-21 16:09:28'),(344,'Juana','Heller','zieme.georgianna@example.org','336.749.0259','1987-07-02 20:01:48','1995-03-16 07:35:38'),(345,'Jess','Heller','miracle54@example.net','203-347-4012x11575','1974-06-16 03:43:58','1995-11-08 01:11:50'),(346,'Tomas','Boehm','hmiller@example.net','+97(7)8951576545','2019-12-14 15:55:03','1991-06-03 01:12:33'),(347,'Angel','Nolan','ukemmer@example.net','012-001-8516','2018-06-28 05:08:32','1988-04-13 00:09:15'),(348,'Everardo','Weissnat','bmraz@example.com','+11(1)0484794010','1983-10-30 23:41:17','2016-05-23 20:58:17'),(349,'Fidel','Koepp','eloisa.carter@example.org','067-362-5368x7257','1977-01-19 09:43:36','1980-08-04 07:02:18'),(350,'Valentine','Johnston','shemar05@example.net','985-397-0770x418','1972-07-03 09:50:06','1991-03-12 20:40:20'),(351,'Reinhold','Predovic','walter.adelle@example.org','504.804.8721x71991','1978-07-05 23:17:25','1983-11-20 18:32:58'),(352,'Breanne','Ward','ngibson@example.net','1-829-488-6279x42706','2011-06-16 06:19:59','1984-05-31 00:48:47'),(353,'Herman','Kling','upton.missouri@example.org','(515)532-1911','1971-09-13 10:08:15','1971-04-03 16:24:17'),(354,'Kattie','Klocko','nikki62@example.org','159.592.3944','2006-08-30 12:12:48','1994-09-06 15:30:11'),(355,'Marc','Schaefer','uhuels@example.net','862-033-4974','2016-03-11 16:39:43','1993-06-12 01:30:37'),(356,'Natasha','Zieme','ukoelpin@example.com','028-568-4571x371','1971-06-18 10:48:24','2009-06-17 12:52:42'),(357,'Israel','Orn','stefanie.bogan@example.net','07271589735','1981-05-04 17:39:21','2008-03-12 06:58:05'),(358,'Clay','Bosco','lkihn@example.com','062.773.8641x7032','1973-01-20 15:20:09','1971-10-26 03:36:53'),(359,'Tressa','Gaylord','bfahey@example.com','+72(8)3340256494','2007-04-21 23:10:19','1970-05-18 14:55:32'),(360,'Mellie','Lebsack','windler.esther@example.org','06071394627','2003-06-12 08:57:59','1979-09-21 05:29:54'),(361,'Roman','Bayer','vlangworth@example.org','1-357-440-6739x911','2004-06-04 16:04:46','1988-05-20 07:03:44'),(362,'Zena','Feest','klein.fleta@example.net','(950)611-6338','2019-06-10 06:43:36','2010-11-18 12:50:44'),(363,'Kaela','O\'Kon','adrain.harvey@example.org','314-618-2561','1978-08-04 20:05:52','1981-02-23 06:38:52'),(364,'Christiana','Turcotte','torey94@example.net','1-915-242-5516x52786','2005-08-22 12:55:10','2000-01-02 10:59:14'),(365,'Brock','Boyle','felicita18@example.org','08270357965','1985-01-19 03:43:07','2001-05-26 01:37:17'),(366,'Terence','Swaniawski','louvenia19@example.net','684-601-9074','1971-07-23 10:54:59','2000-12-20 02:14:26'),(367,'Bert','Towne','mwilliamson@example.org','836-010-5446','1970-12-05 00:27:52','2016-12-15 19:35:39'),(368,'Hellen','Dicki','agustin90@example.net','809.537.1262','1977-06-23 23:16:27','1976-01-09 10:21:52'),(369,'Rosamond','Conroy','reuben.gottlieb@example.net','1-916-692-6876x032','2008-02-24 07:53:35','2005-03-30 12:38:34'),(370,'Joshua','Gibson','white.colby@example.com','(959)003-8856x293','2006-02-21 13:26:04','1994-07-29 23:50:58'),(371,'Kaylin','Gulgowski','alessandro.little@example.net','1-317-499-0840x4334','2002-02-28 18:16:30','1970-02-24 21:52:42'),(372,'Mekhi','Kuhic','lueilwitz.cole@example.net','1-373-415-9576','2011-07-14 11:24:24','2017-02-06 17:37:31'),(373,'Jason','Breitenberg','braxton94@example.net','146-893-7690','2002-03-24 12:22:25','1997-06-06 10:40:35'),(374,'Dell','Jones','hettie22@example.com','(309)380-5393x89039','1999-11-30 09:06:13','1981-09-24 12:01:56'),(375,'Nannie','Oberbrunner','gutmann.katelyn@example.org','07274144423','1970-10-20 14:49:00','2007-07-04 03:44:58'),(376,'King','Conn','herzog.aracely@example.org','+45(6)8871635199','2005-01-29 23:02:01','2016-11-17 12:20:45'),(377,'Lexus','Romaguera','delpha.nicolas@example.net','1-919-587-7398','2015-12-05 01:00:34','2006-03-30 13:19:51'),(378,'Marquise','Wilderman','gryan@example.net','(669)783-0144x3329','1985-03-10 00:11:37','1979-10-07 20:02:55'),(379,'Cary','Will','nico.fisher@example.net','527-987-6670x76907','1972-12-10 11:03:51','1990-04-14 22:14:49'),(380,'Harold','Sanford','kcummerata@example.net','1-131-775-9164x22830','2012-10-29 11:14:21','2015-10-30 22:54:54'),(381,'Delfina','Purdy','hkerluke@example.com','1-578-918-2397','2009-12-27 20:36:16','1985-02-23 06:25:45'),(382,'Kylee','Schultz','jena52@example.com','1-141-592-7090x3511','2003-12-21 03:59:28','1979-09-04 15:20:52'),(383,'Luna','Boyer','deckow.nils@example.net','04444687832','2007-11-25 19:27:07','2019-12-20 21:59:20'),(384,'Pansy','Buckridge','cjaskolski@example.com','1-844-863-8462x64214','1986-08-25 19:03:31','2012-01-09 04:35:37'),(385,'Meaghan','Wiza','gusikowski.lilliana@example.net','716.953.9597x5892','1988-11-15 04:18:21','1997-04-28 09:59:53'),(386,'Casper','Bahringer','madelyn59@example.org','(887)835-2947','2019-06-11 01:18:28','2010-01-30 12:15:32'),(387,'Gregg','Walker','marianna99@example.net','073.746.9418x705','1977-07-29 21:33:57','1996-03-29 21:16:39'),(388,'Marcus','Feest','jackie.hettinger@example.com','1-736-459-8192','1995-10-23 05:58:50','2015-11-11 03:05:15'),(389,'Tanner','Kessler','ojohnston@example.net','1-260-739-9882x6785','2006-03-06 22:50:45','1984-09-01 03:09:17'),(390,'Earl','Kuphal','gustave08@example.net','(757)062-1820x996','1979-11-29 20:18:29','1994-11-18 11:41:08'),(391,'Sibyl','Stoltenberg','udietrich@example.net','1-860-560-9400x6361','1996-04-11 04:41:44','1986-03-03 12:28:50'),(392,'Sanford','Hagenes','celine.walsh@example.net','(628)237-6144','1999-12-23 16:15:22','2017-09-30 10:00:42'),(393,'Carrie','Zemlak','eryn.simonis@example.net','(174)119-4235x02318','1983-11-17 17:32:24','2005-07-14 00:19:02'),(394,'Linda','Fahey','darrin.mcdermott@example.com','1-258-901-0804','1989-01-01 01:12:34','1976-07-30 13:38:35'),(395,'Nickolas','Fisher','marianne.monahan@example.org','100.293.3995','2003-11-14 20:14:26','2017-01-16 22:04:34'),(396,'Adrianna','Krajcik','thompson.lenore@example.com','010-497-6468x6207','1996-03-18 05:52:54','1977-05-29 22:38:27'),(397,'Mike','Ondricka','scartwright@example.com','805.329.7101x2930','1999-06-20 16:47:22','1990-07-29 14:41:50'),(398,'Eleazar','Boyer','htrantow@example.org','741-175-4345x9421','1970-09-14 17:10:22','2011-09-20 08:27:20'),(399,'Jacey','Zulauf','ohayes@example.com','213.225.3815','1992-12-09 03:26:53','1971-03-24 19:13:45'),(400,'Josie','Grady','hartmann.davin@example.org','456-327-7580','2007-07-23 05:22:30','1996-02-04 05:17:33'),(401,'Dawson','Hills','ofelia.dibbert@example.net','932.216.5083x1201','1977-05-31 07:06:14','2018-10-03 12:09:09'),(402,'Amber','Bogan','cole.camryn@example.net','(313)242-1246x8388','2012-10-16 10:59:53','1980-01-01 10:57:32'),(403,'Brenda','Balistreri','vicente58@example.net','445.139.1237x927','1989-07-07 09:39:59','1984-03-02 02:01:10'),(404,'Jabari','Schiller','keyshawn.bednar@example.com','1-210-942-2041','2004-01-03 15:59:37','1979-08-29 09:38:18'),(405,'Marta','Harber','so\'conner@example.org','05211523269','1984-04-28 12:01:05','2007-07-18 05:40:35'),(406,'Jackie','Bailey','schulist.shawna@example.org','1-783-925-6683','2019-01-15 14:02:39','1977-10-31 07:23:42'),(407,'Harley','Cassin','ethel.bogisich@example.com','713.338.3000x548','1976-06-28 05:47:52','2007-03-26 12:49:35'),(408,'John','Gulgowski','karli86@example.com','544-493-7291','1972-03-06 18:05:09','2002-09-26 04:16:58'),(409,'Chaim','Lueilwitz','douglas.jada@example.com','1-021-268-4307','1971-03-26 08:01:02','1977-09-22 03:32:57'),(410,'Jalyn','Crona','gpadberg@example.net','1-459-926-2576','1989-02-14 21:30:10','1997-03-19 09:36:12'),(411,'Shanel','Haag','edwina.west@example.net','870-607-8816','1991-10-05 12:42:40','2008-12-09 12:47:40'),(412,'Esteban','Hessel','qhackett@example.org','363-918-9904x027','2018-04-05 08:46:20','1984-12-01 21:46:45'),(413,'Norene','Gutmann','uhirthe@example.org','590.754.1709x925','2003-07-30 18:31:29','1990-07-17 22:38:14'),(414,'Jacques','Farrell','marvin.wava@example.com','(339)454-3577x15241','1999-11-10 09:36:16','2011-10-19 14:52:02'),(415,'Rhiannon','Veum','witting.ariel@example.org','478-340-8329','1994-08-24 01:52:31','1970-08-25 10:51:06'),(416,'Sonny','Stehr','bianka88@example.org','1-012-169-5561','1989-12-20 12:00:42','1989-10-25 14:05:05'),(417,'Clay','Gaylord','rkuvalis@example.com','763.119.7398x098','2018-07-25 17:43:48','1997-03-15 09:16:05'),(418,'Aurelia','Wisoky','oreilly@example.org','774-636-7058x0792','2006-10-01 20:46:37','1999-01-21 16:59:53'),(419,'Ozella','Douglas','borer.ivah@example.com','+74(1)0546059785','1976-10-19 20:19:57','1970-08-19 20:06:31'),(420,'Timmy','McLaughlin','melyssa69@example.com','493.799.5887x175','1972-02-24 10:28:38','2003-08-27 21:36:51'),(421,'Alexandre','Wunsch','rosemarie.feil@example.com','+64(5)2981431001','1988-02-22 01:43:27','1987-03-31 01:04:01'),(422,'Estella','Donnelly','ethan41@example.net','04780379828','1998-03-18 11:50:36','1991-01-31 17:05:29'),(423,'Emmalee','Morar','rigoberto51@example.com','142-523-5858','1971-02-10 09:03:52','2017-04-03 18:15:41'),(424,'Freida','Sawayn','hansen.madge@example.org','1-601-807-2069','1994-12-11 02:16:48','1999-03-07 02:58:52'),(425,'Adrienne','Wilderman','jovan79@example.com','02659153363','2011-12-03 05:30:02','1997-03-02 17:08:21'),(426,'Colby','Kemmer','lebsack.mazie@example.org','776-105-8787x3222','2014-07-01 03:07:17','1985-09-16 08:23:33'),(427,'Darrell','Corkery','xlubowitz@example.net','958-497-8955','1999-03-18 13:53:26','1979-07-27 23:53:00'),(428,'Emily','Collier','brian.howe@example.net','+64(5)8059282797','1974-08-03 01:04:37','1987-01-09 01:08:41'),(429,'Marquis','Legros','wilderman.trenton@example.net','03361146953','2015-05-03 11:31:59','2016-10-06 05:27:00'),(430,'Hilbert','Dicki','andreanne39@example.com','406-069-8982x5490','2018-02-10 17:40:26','1989-05-23 11:12:53'),(431,'Lexie','Schamberger','petra60@example.com','09421649771','1994-06-26 00:42:45','2014-10-04 21:49:43'),(432,'Dawn','Lindgren','jenkins.deanna@example.org','03707746458','1984-06-30 00:52:37','1990-10-04 18:07:31'),(433,'Titus','Kilback','ebins@example.net','09891155012','1974-09-10 12:04:29','2008-06-10 05:09:07'),(434,'Brandyn','Reichel','grayce.bauch@example.org','+61(7)0975665782','2010-08-27 14:43:29','2016-08-23 11:08:01'),(435,'Zachery','Medhurst','rudolph.shanahan@example.net','(077)217-3326','1972-04-27 02:52:14','1988-04-26 13:03:44'),(436,'Kaitlin','Toy','znader@example.com','902-543-0723','1970-06-25 06:58:54','2011-02-14 09:57:21'),(437,'Amiya','Koepp','lindsay52@example.com','1-712-332-4989','1987-10-09 12:55:01','2016-09-02 13:50:44'),(438,'Avis','Olson','swift.michale@example.net','05862682597','2003-06-25 09:27:37','2010-08-27 20:22:41'),(439,'Cathy','D\'Amore','maud68@example.net','648-051-4561x1591','1989-11-14 12:39:00','1978-10-25 07:18:51'),(440,'Jennifer','Kohler','delta15@example.net','08768138108','1995-02-10 02:59:57','1992-06-01 21:53:52'),(441,'Ford','Upton','raynor.anastacio@example.org','+43(0)8847678117','1977-07-25 16:10:15','1982-09-04 01:09:57'),(442,'Braden','Schowalter','pblanda@example.net','327-664-3364','1999-09-13 00:11:48','1980-05-04 04:52:04'),(443,'Wanda','Bogisich','bonnie.hamill@example.com','076.801.2807','1977-05-30 21:49:47','1973-08-28 01:06:27'),(444,'Amya','Halvorson','kshlerin.rogers@example.net','(682)339-9917','1978-02-07 13:24:10','2014-09-14 23:29:23'),(445,'Shania','Grant','howard.balistreri@example.com','1-110-111-1685','2015-09-21 09:29:13','1989-10-24 11:08:06'),(446,'Maia','Rath','vicente.jacobson@example.net','+66(2)3443554077','2005-02-21 15:45:33','1974-10-31 10:06:25'),(447,'Anabelle','Schimmel','amos90@example.net','+20(1)6984547929','1998-12-01 04:02:26','1992-10-12 20:01:57'),(448,'Colby','Rippin','ryleigh88@example.com','(141)844-2524x463','1994-08-25 09:38:10','2009-07-23 15:33:07'),(449,'Joana','Tremblay','alisa57@example.org','954.003.1648x664','1992-11-29 11:31:59','2004-09-19 04:11:43'),(450,'Madalyn','McDermott','jon.willms@example.org','(670)568-7772','2002-10-03 18:18:08','1979-03-02 13:19:18'),(451,'Leda','Quigley','hbayer@example.net','(736)884-0655x128','2010-09-20 23:46:12','1990-07-05 17:40:15'),(452,'Ellen','Reichert','jules.kautzer@example.org','957.387.9567','1982-03-15 00:46:12','1982-02-20 16:33:22'),(453,'Erich','Heathcote','dkessler@example.net','176.038.1814','2008-07-16 14:40:42','1980-07-16 03:23:03'),(454,'Darrick','Tromp','george.dietrich@example.org','(970)343-3277','2000-11-23 23:52:50','1972-05-22 10:10:54'),(455,'Aryanna','Altenwerth','annette11@example.com','701.621.8088x76988','2008-12-14 16:14:16','1987-03-31 21:54:57'),(456,'Earl','Heller','toy.else@example.org','(670)208-8198x5750','1993-03-21 07:35:05','1993-12-02 16:15:43'),(457,'Gerson','Smith','alfredo.swaniawski@example.org','07940743938','2003-11-24 11:19:07','1983-05-07 08:51:12'),(458,'Kayden','Heidenreich','lennie.conn@example.org','1-327-220-0501','2016-02-27 20:29:19','1970-09-27 07:09:29'),(459,'Ben','Murphy','ervin.hahn@example.net','1-425-839-1543','2011-01-03 17:03:47','1991-07-22 13:06:55'),(460,'Everette','Blanda','gmedhurst@example.org','294-054-1217','2006-09-21 06:44:28','2002-08-14 09:06:45'),(461,'Kim','Robel','purdy.dane@example.org','1-895-159-0132x1816','2004-09-19 02:05:19','2012-09-19 22:41:57'),(462,'Emmy','Kunze','robert.lebsack@example.com','938.154.4340x0692','2015-02-26 13:43:40','2010-06-19 17:59:19'),(463,'Buddy','Hoeger','jerel.mills@example.net','891.338.5709x983','2014-12-26 05:05:03','2014-06-15 15:29:16'),(464,'Jesse','Larson','cheyenne99@example.net','491-796-0882x22086','2001-02-28 03:02:32','1975-01-14 06:06:04'),(465,'Olaf','Lowe','farrell.elizabeth@example.net','683.705.5209','2001-05-19 16:58:18','2010-08-06 08:02:37'),(466,'Tressa','Lubowitz','shanelle.little@example.com','1-831-984-7676x57858','2002-04-15 11:01:35','1994-04-07 18:42:17'),(467,'Paul','Koch','abbott.tomas@example.com','1-666-413-2178x396','1984-05-29 08:26:41','2019-06-03 05:43:19'),(468,'Joanny','Russel','ian46@example.com','1-228-402-8091','1997-01-13 08:05:16','1998-10-30 06:27:07'),(469,'Delia','Kreiger','fdenesik@example.org','564.799.3011x6534','1994-07-27 16:13:06','2005-01-05 13:21:04'),(470,'Cornell','Berge','cconsidine@example.com','867-280-2292','2009-07-19 20:46:57','2017-07-06 22:48:50'),(471,'Ericka','Smitham','casimir.thiel@example.org','(027)572-4047x947','1988-08-10 13:27:15','1996-07-06 00:41:40'),(472,'Tavares','Stoltenberg','rita.pagac@example.com','138-190-1384','2001-09-24 06:17:55','1976-09-28 00:53:12'),(473,'Marcella','Schamberger','earl04@example.com','877-459-2471','1985-02-19 05:19:15','1993-08-20 13:57:39'),(474,'Narciso','Cronin','robert65@example.com','899.516.9763x4510','2012-05-26 18:50:54','1985-07-26 17:18:30'),(475,'Adaline','Rohan','timothy39@example.com','208-783-5527x2729','1977-05-01 13:12:46','2013-11-21 19:37:01'),(476,'Sasha','Metz','lwaelchi@example.com','(300)093-7395','1998-06-20 22:09:08','1993-08-31 12:18:40'),(477,'Emmet','Funk','tillman.gerson@example.net','+85(8)2800036821','1976-03-01 09:07:23','1971-10-26 22:51:52'),(478,'Orrin','Gibson','mante.bella@example.org','(221)297-4639x258','1997-06-14 15:15:19','1983-04-11 09:15:55'),(479,'Lizeth','Kshlerin','cjohnston@example.org','1-027-309-2686x163','2010-06-15 18:09:52','2006-04-22 18:14:48'),(480,'Onie','Gleason','amira56@example.org','520.493.3291','1999-05-16 15:35:58','2006-05-25 18:01:59'),(481,'Trycia','Parisian','spencer.delphia@example.com','+23(8)2548972736','1977-03-18 12:24:23','1985-04-06 23:53:05'),(482,'Santino','Swaniawski','buster.cummerata@example.com','(987)378-0071x3908','1976-08-04 11:35:31','2006-05-21 12:32:58'),(483,'Felix','Daugherty','gleichner.dominique@example.com','412-504-3779x44181','2005-01-26 05:55:45','1990-06-04 20:58:34'),(484,'Brody','Weissnat','meaghan.flatley@example.org','08302592686','1990-04-10 22:11:59','1983-12-23 15:21:37'),(485,'Aliza','Hand','phoebe.beer@example.net','407-452-0077','2000-03-21 21:29:15','1999-06-01 08:43:09'),(486,'Randi','Schmidt','erdman.kylie@example.org','(437)725-7292x39122','1982-07-04 02:03:18','1991-05-31 12:46:05'),(487,'Ladarius','McGlynn','elroy79@example.net','673.412.6505','2007-04-11 19:20:22','1979-11-29 04:08:27'),(488,'Helene','McKenzie','thurman.borer@example.com','006-490-2638x7573','2018-11-05 17:07:02','1978-11-07 04:05:28'),(489,'Kathryne','Beer','jrutherford@example.net','00163322222','1994-11-11 00:16:20','1999-11-19 14:25:20'),(490,'Emma','Lebsack','jovan50@example.com','+27(3)6093911284','1989-11-13 01:19:02','2017-09-27 21:57:01'),(491,'Emie','Schuppe','powlowski.charlotte@example.net','426-022-7184','1993-11-25 04:53:55','1977-05-03 17:03:44'),(492,'Candida','Cruickshank','alexis12@example.com','293-906-4163','2008-09-15 19:45:19','2002-07-02 01:43:05'),(493,'Baylee','Lind','opredovic@example.com','(447)940-5564x753','1978-06-27 11:00:37','1986-09-16 20:12:22'),(494,'Maureen','Braun','osbaldo76@example.org','029-675-6749','2018-06-11 20:36:41','1971-03-15 18:43:29'),(495,'Frieda','Haag','ole.robel@example.net','+30(4)6807028226','2016-10-26 05:42:54','1995-04-30 23:52:03'),(496,'Esta','Weissnat','gbauch@example.com','064.932.5255x30029','2018-10-05 13:16:19','1999-02-25 19:45:31'),(497,'Sister','Kuvalis','mayer.erna@example.org','1-119-642-9550x3764','2013-02-12 01:06:30','1993-02-05 08:57:15'),(498,'Larissa','Walsh','merritt.champlin@example.org','(053)366-9317','1983-12-19 00:49:41','1989-08-03 21:40:53'),(499,'Gunnar','Deckow','jerrod28@example.com','999-266-2325','1987-07-25 20:11:12','1982-03-24 06:22:56'),(500,'Melisa','Hermiston','lind.maxie@example.com','017-974-1772x384','2012-05-16 14:38:51','1977-07-19 20:59:41');
/*!40000 ALTER TABLE `users` ENABLE KEYS */;
UNLOCK TABLES;
/*!40103 SET TIME_ZONE=@OLD_TIME_ZONE */;

/*!40101 SET SQL_MODE=@OLD_SQL_MODE */;
/*!40014 SET FOREIGN_KEY_CHECKS=@OLD_FOREIGN_KEY_CHECKS */;
/*!40014 SET UNIQUE_CHECKS=@OLD_UNIQUE_CHECKS */;
/*!40101 SET CHARACTER_SET_CLIENT=@OLD_CHARACTER_SET_CLIENT */;
/*!40101 SET CHARACTER_SET_RESULTS=@OLD_CHARACTER_SET_RESULTS */;
/*!40101 SET COLLATION_CONNECTION=@OLD_COLLATION_CONNECTION */;
/*!40111 SET SQL_NOTES=@OLD_SQL_NOTES */;

-- Dump completed on 2020-01-26 20:02:32
